step,model_id,gauss_loss,lr,train_mse,val_mse
0,0,-3.973978668427272,0.0004975,0.03427729,0.035183202
1,0,-5.15154248745482,0.0004950125,0.022535868,0.023294725
2,0,-5.48338931919329,0.0004925374375,0.016257957,0.016649771
3,0,-5.683081584696817,0.0004900747503125,0.0145728,0.015137241
4,0,-5.825614051354088,0.0004876243765609,0.011682568,0.012276498
5,0,-5.93128620764123,0.0004851862546781,0.010640218,0.011236904
6,0,-6.027041663646545,0.0004827603234047,0.010085563,0.010624499
7,0,-6.131137872208537,0.0004803465217877,0.009508156,0.0100562135
8,0,-6.218881093832727,0.0004779447891787,0.008949136,0.009470639
9,0,-6.287733590002815,0.0004755550652328,0.008418308,0.00895484
10,0,-6.360091413814083,0.0004731772899067,0.008079506,0.0086448705
11,0,-6.43017652899304,0.0004708114034571,0.007816147,0.008354909
12,0,-6.490770305720382,0.0004684573464399,0.0074907043,0.007997483
13,0,-6.553480719174663,0.0004661150597077,0.008069365,0.008583618
14,0,-6.599314121834626,0.0004637844844091,0.006733858,0.0072374567
15,0,-6.63617887111687,0.0004614655619871,0.0064694183,0.0069463104
16,0,-6.684464792518824,0.0004591582341771,0.0065714815,0.007083711
17,0,-6.724111669833326,0.0004568624430062,0.0062770317,0.006791194
18,0,-6.763960038442266,0.0004545781307912,0.0061696544,0.006622144
19,0,-6.767513612861547,0.0004523052401373,0.0060416013,0.006524777
20,0,-6.80095188600125,0.0004500437139366,0.008163549,0.008589427
21,0,-6.849858743252376,0.0004477934953669,0.0057775145,0.0062611885
22,0,-6.881685880714214,0.0004455545278901,0.006427644,0.0068784677
23,0,-6.911446199083833,0.0004433267552506,0.0056901947,0.0061216215
24,0,-6.939714573942418,0.0004411101214744,0.005747867,0.006210017
25,0,-6.955735891359898,0.000438904570867,0.005169552,0.0056373794
26,0,-6.983810381080601,0.0004367100480126,0.0051905965,0.005643931
27,0,-7.006254393078265,0.0004345264977726,0.0058658114,0.0063421275
28,0,-7.029458988167683,0.0004323538652837,0.0050318893,0.00551556
29,0,-7.030107058481973,0.0004301920959573,0.0049290396,0.005379086
30,0,-7.056297513681102,0.0004280411354775,0.004895113,0.0053554806
31,0,-7.0870562894637095,0.0004259009298001,0.0048801997,0.005342355
32,0,-7.090395168678697,0.0004237714251511,0.0046246424,0.005056711
33,0,-7.12738607494676,0.0004216525680254,0.004598863,0.005050401
34,0,-7.133647505615567,0.0004195443051852,0.004884017,0.0053575244
35,0,-7.169164887220671,0.0004174465836593,0.0045867236,0.0050100666
36,0,-7.181048898981259,0.000415359350741,0.004543568,0.004972781
37,0,-7.201657366469794,0.0004132825539873,0.004477703,0.0049218847
38,0,-7.215589396882493,0.0004112161412174,0.0044118096,0.0048524854
39,0,-7.248356316478714,0.0004091600605113,0.004322573,0.0047358917
40,0,-7.263043911038931,0.0004071142602087,0.004239665,0.004675565
41,0,-7.2785691608026575,0.0004050786889077,0.0042294925,0.004636853
42,0,-7.2971237261504,0.0004030532954631,0.00507595,0.005576487
43,0,-7.317278608369231,0.0004010380289858,0.0041370275,0.0045810584
44,0,-7.339200535658347,0.0003990328388409,0.0045310436,0.0049936404
45,0,-7.32822247643087,0.0003970376746467,0.004006996,0.004451417
46,0,-7.362875353949847,0.0003950524862735,0.0040147835,0.004432457
47,0,-7.388959352157559,0.0003930772238421,0.004139785,0.0045553823
48,0,-7.408789779636179,0.0003911118377229,0.004034675,0.0044305017
49,0,-7.4223727912389155,0.0003891562785343,0.0039366805,0.0043685343
50,0,-7.445442562188885,0.0003872104971416,0.0038752498,0.004325277
51,0,-7.45874360372868,0.0003852744446559,0.0039292667,0.004376609
52,0,-7.473162651673538,0.0003833480724326,0.0040959083,0.0044943443
53,0,-7.494870333076861,0.0003814313320704,0.0044899434,0.0048936224
54,0,-7.50712233607912,0.0003795241754101,0.0039805705,0.004435625
55,0,-7.522850877621801,0.000377626554533,0.004068685,0.0044833887
56,0,-7.545996206240151,0.0003757384217604,0.0037390979,0.0041513345
57,0,-7.557022746918713,0.0003738597296516,0.0037285173,0.0041547874
58,0,-7.5677594708953,0.0003719904310033,0.0037783345,0.004226967
59,0,-7.581850252307428,0.0003701304788483,0.003786093,0.0042519015
60,0,-7.593779212123654,0.0003682798264541,0.0036795258,0.004093813
61,0,-7.613581041450415,0.0003664384273218,0.0036112124,0.0040424014
62,0,-7.616388540919219,0.0003646062351852,0.0035276304,0.003948156
63,0,-7.631700448173481,0.0003627832040093,0.003714269,0.004173311
64,0,-7.643803010807851,0.0003609692879892,0.0037417912,0.0041796523
65,0,-7.646435593442681,0.0003591644415493,0.003534111,0.003971407
66,0,-7.674950792453885,0.0003573686193415,0.0036948123,0.0041157263
67,0,-7.68159725926709,0.0003555817762448,0.0037902577,0.004230458
68,0,-7.69331020221912,0.0003538038673636,0.0036346002,0.0040767696
69,0,-7.709213556942171,0.0003520348480268,0.0034774973,0.0039092554
70,0,-7.722086476377663,0.0003502746737866,0.0033274607,0.0037704501
71,0,-7.72245874982799,0.0003485233004177,0.0033433149,0.003782033
72,0,-7.739780305401948,0.0003467806839156,0.0033004887,0.003739835
73,0,-7.747438735784572,0.000345046780496,0.0033533482,0.0038176246
74,0,-7.754870128692744,0.0003433215465936,0.003635342,0.0040575797
75,0,-7.765238720776753,0.0003416049388606,0.0033161486,0.0037609278
76,0,-7.781281956498078,0.0003398969141663,0.0034772847,0.003913956
77,0,-7.796466695608792,0.0003381974295954,0.003273748,0.0037259036
78,0,-7.799259580377968,0.0003365064424475,0.003233221,0.0036574488
79,0,-7.810942761597628,0.0003348239102352,0.0033137521,0.003787911
80,0,-7.824787654950092,0.0003331497906841,0.0034847578,0.0039080894
81,0,-7.830199435950472,0.0003314840417306,0.003139212,0.0035638614
82,0,-7.85018092281125,0.000329826621522,0.0033557948,0.0038314206
83,0,-7.861169332569705,0.0003281774884144,0.0031152938,0.0035479844
84,0,-7.863550525553985,0.0003265366009723,0.003505893,0.0039810794
85,0,-7.882850084063257,0.0003249039179674,0.0031478475,0.003580957
86,0,-7.888055095538072,0.0003232793983776,0.003173655,0.0036264039
87,0,-7.902656381502485,0.0003216630013857,0.0032650533,0.0037201862
88,0,-7.926374830623283,0.0003200546863788,0.0032267454,0.0036563457
89,0,-7.930221495088685,0.0003184544129469,0.0031538426,0.0035987857
90,0,-7.93403040563957,0.0003168621408822,0.0030291318,0.0034742504
91,0,-7.93788701871069,0.0003152778301777,0.0030989149,0.0035080095
92,0,-7.953850603975062,0.0003137014410269,0.0031365375,0.0035740298
93,0,-7.96202205396226,0.0003121329338217,0.003134711,0.0035440833
94,0,-7.978317961244867,0.0003105722691526,0.003139006,0.0035814755
95,0,-7.984121205066022,0.0003090194078068,0.0030221958,0.0034261865
96,0,-7.986908755343707,0.0003074743107678,0.002983081,0.0034208011
97,0,-8.001584023533436,0.000305936939214,0.0030527145,0.0034750893
98,0,-8.010538957179376,0.0003044072545179,0.0030792162,0.0035209053
99,0,-8.024870326405116,0.0003028852182453,0.00307379,0.0035078595
100,0,-8.032464952948919,0.0003013707921541,0.0030913618,0.0035314353
101,0,-8.04560186557947,0.0002998639381933,0.0030588764,0.003484174
102,0,-8.05528201625759,0.0002983646185023,0.0029391374,0.0033539417
103,0,-8.072640134035375,0.0002968727954098,0.0029346922,0.003350904
104,0,-8.07668413998187,0.0002953884314328,0.0029342424,0.0033540903
105,0,-8.08274648372238,0.0002939114892756,0.0029359828,0.0033619143
106,0,-8.092503592921359,0.0002924419318292,0.0028208713,0.00324209
107,0,-8.106324424725306,0.0002909797221701,0.003205752,0.0036639594
108,0,-8.118408943835494,0.0002895248235592,0.002805479,0.0032515763
109,0,-8.117999435808843,0.0002880771994415,0.002782698,0.003213623
110,0,-8.132898966216551,0.0002866368134442,0.002843022,0.0032878635
111,0,-8.14011463579286,0.000285203629377,0.0028499162,0.00330461
112,0,-8.148468482490532,0.0002837776112301,0.0028043848,0.003231093
113,0,-8.151960181823027,0.000282358723174,0.002908279,0.0033160371
114,0,-8.1608831366502,0.0002809469295581,0.0028784212,0.0032985546
115,0,-8.170685665238244,0.0002795421949103,0.0028412968,0.0032683006
116,0,-8.178951517516658,0.0002781444839358,0.002837876,0.003260861
117,0,-8.190740847060145,0.0002767537615161,0.0028326856,0.0032697052
118,0,-8.199839367244289,0.0002753699927085,0.002727174,0.0031701934
119,0,-8.20944173628797,0.000273993142745,0.0028315198,0.0033169603
120,0,-8.220670206877772,0.0002726231770312,0.0028390582,0.0033149782
121,0,-8.235877356570514,0.0002712600611461,0.0027064548,0.0031629337
122,0,-8.238832458313858,0.0002699037608404,0.0026695228,0.0031037733
123,0,-8.243147324124527,0.0002685542420362,0.0028031445,0.0032232096
124,0,-8.248293107654392,0.000267211470826,0.0027220584,0.0031815544
125,0,-8.267222540544447,0.0002658754134718,0.0026880787,0.0031336895
126,0,-8.26782623564979,0.0002645460364045,0.0030691212,0.0034840342
127,0,-8.274566325670483,0.0002632233062225,0.0026507105,0.0030905234
128,0,-8.282041783438313,0.0002619071896914,0.0026196341,0.0030568885
129,0,-8.295361663791452,0.0002605976537429,0.0027675373,0.003206009
130,0,-8.301560121226212,0.0002592946654742,0.002716316,0.0031825134
131,0,-8.31336912966646,0.0002579981921468,0.0026893876,0.0031414886
132,0,-8.316641910139587,0.0002567082011861,0.0026135582,0.0030414204
133,0,-8.323092815622989,0.0002554246601801,0.0027930534,0.0032350807
134,0,-8.33493023661705,0.0002541475368792,0.002545095,0.002976546
135,0,-8.339246140951222,0.0002528767991948,0.0024773153,0.0029050945
136,0,-8.345904297078027,0.0002516124151989,0.00265907,0.0031170663
137,0,-8.361093365331994,0.0002503543531229,0.0024962793,0.0029215203
138,0,-8.36654828381332,0.0002491025813573,0.002590053,0.0030440297
139,0,-8.373837223187515,0.0002478570684505,0.0025990386,0.0030411803
140,0,-8.38506676104253,0.0002466177831082,0.0025573731,0.0029984193
141,0,-8.390548459609834,0.0002453846941927,0.0026700518,0.0031233716
142,0,-8.39963857406758,0.0002441577707217,0.0025528502,0.003008055
143,0,-8.401871702005252,0.0002429369818681,0.0025581683,0.0030075077
144,0,-8.416503906861525,0.0002417222969588,0.0025160615,0.0029639343
145,0,-8.421808324742294,0.000240513685474,0.0025042123,0.0029346466
146,0,-8.42222636706862,0.0002393111170466,0.0024956167,0.0029401684
147,0,-8.43275833909578,0.0002381145614614,0.0025870695,0.003057658
148,0,-8.440911673551646,0.0002369239886541,0.0025962025,0.0030178293
149,0,-8.449420202309675,0.0002357393687108,0.0025605434,0.0029833294
150,0,-8.46061316022662,0.0002345606718672,0.0025377132,0.0029995786
151,0,-8.467397706177648,0.0002333878685079,0.0025609054,0.003009898
152,0,-8.4703713762871,0.0002322209291654,0.0025401288,0.002992467
153,0,-8.483531915365637,0.0002310598245195,0.0025860143,0.0030510775
154,0,-8.496792948907215,0.0002299045253969,0.0025162008,0.0029715346
155,0,-8.497678065842717,0.00022875500277,0.0024623747,0.0028924083
156,0,-8.50239429950867,0.0002276112277561,0.002568173,0.0030318012
157,0,-8.511394701159967,0.0002264731716173,0.0024184247,0.002875776
158,0,-8.521577460982165,0.0002253408057592,0.0025042736,0.0029672647
159,0,-8.52484116901301,0.0002242141017304,0.0024032525,0.0028459462
160,0,-8.536976595649584,0.0002230930312218,0.0024713052,0.0029247021
161,0,-8.540813550768696,0.0002219775660657,0.0025289992,0.0029726496
162,0,-8.54957895226951,0.0002208676782353,0.0024664067,0.0029349467
163,0,-8.554431668532587,0.0002197633398442,0.0024403187,0.002881362
164,0,-8.569221766570625,0.000218664523145,0.002518756,0.0029982568
165,0,-8.576786058535367,0.0002175712005292,0.0025033948,0.0029879415
166,0,-8.585337086341518,0.0002164833445266,0.0024523586,0.0029065514
167,0,-8.581977404245546,0.0002154009278039,0.0024250252,0.002859448
168,0,-8.591444716311372,0.0002143239231649,0.0024187411,0.0028652677
169,0,-8.598175230757018,0.0002132523035491,0.0023974224,0.0028537598
170,0,-8.60891281362144,0.0002121860420314,0.0024387857,0.0028805567
171,0,-8.61668885186071,0.0002111251118212,0.0023811324,0.002825098
172,0,-8.616639118005008,0.0002100694862621,0.002375117,0.002836607
173,0,-8.633240801434212,0.0002090191388308,0.0023080774,0.0027638571
174,0,-8.634938608954144,0.0002079740431366,0.002362343,0.0027967005
175,0,-8.639487511150804,0.0002069341729209,0.0023654962,0.0028097772
176,0,-8.65337882174938,0.0002058995020563,0.002382695,0.0028451388
177,0,-8.650549805137583,0.0002048700045461,0.0024010108,0.0028568478
178,0,-8.666615387689383,0.0002038456545233,0.002382455,0.0028408135
179,0,-8.67790843936716,0.0002028264262507,0.0023298257,0.0027761674
180,0,-8.681462105668176,0.0002018122941195,0.0023443687,0.0027977305
181,0,-8.685757066776219,0.0002008032326489,0.002350893,0.0027912299
182,0,-8.689742126232463,0.0001997992164856,0.0023188456,0.0027688977
183,0,-8.700186621802631,0.0001988002204032,0.002345318,0.002768108
184,0,-8.706612323713287,0.0001978062193012,0.002305072,0.0027505204
185,0,-8.712857092600215,0.0001968171882047,0.002401059,0.0028313776
186,0,-8.721784947276994,0.0001958331022636,0.0023367768,0.002818079
187,0,-8.72909968187504,0.0001948539367523,0.002293024,0.00273199
188,0,-8.736654942369722,0.0001938796670686,0.002286989,0.002745702
189,0,-8.74458229698482,0.0001929102687332,0.0022960291,0.0027321521
190,0,-8.747642537881717,0.0001919457173895,0.0022191892,0.0026647206
191,0,-8.756197130271126,0.0001909859888026,0.0022696087,0.00270606
192,0,-8.76410734550278,0.0001900310588586,0.002223729,0.0026754816
193,0,-8.765074005873014,0.0001890809035643,0.0023051049,0.0027393356
194,0,-8.774616428276177,0.0001881354990465,0.002325087,0.0027705634
195,0,-8.786445785233822,0.0001871948215512,0.0022893134,0.0027327891
196,0,-8.792733330342891,0.0001862588474435,0.0022326517,0.0026723673
197,0,-8.802070266048508,0.0001853275532063,0.0022598591,0.002696913
198,0,-8.804960400984049,0.0001844009154402,0.0022528965,0.0026987894
199,0,-8.811225851058348,0.000183478910863,0.002266233,0.0027216694
200,0,-8.820526974902164,0.0001825615163087,0.0022186714,0.0026802109
201,0,-8.823635049032912,0.0001816487087272,0.0022150283,0.0026477363
202,0,-8.828390008327707,0.0001807404651835,0.0023329463,0.0028044998
203,0,-8.840482670208246,0.0001798367628576,0.0021752766,0.0026102755
204,0,-8.844495603922812,0.0001789375790433,0.0021979187,0.0026509443
205,0,-8.84857086295996,0.0001780428911481,0.0023154854,0.0027496745
206,0,-8.862982252768578,0.0001771526766924,0.0022759766,0.0027143622
207,0,-8.865559707891103,0.0001762669133089,0.002220673,0.002684201
208,0,-8.872557411670838,0.0001753855787424,0.0022201848,0.0026628405
209,0,-8.874780327435218,0.0001745086508487,0.0022063972,0.0026562198
210,0,-8.88334477440827,0.0001736361075944,0.0021948125,0.0026497564
211,0,-8.890792302727585,0.0001727679270564,0.002245181,0.002688309
212,0,-8.898388803903396,0.0001719040874212,0.0021606158,0.0026064473
213,0,-8.901374394024515,0.0001710445669841,0.0022242668,0.0026584887
214,0,-8.914227001939915,0.0001701893441491,0.0022391325,0.002676209
215,0,-8.92268956017135,0.0001693383974284,0.002228064,0.0026739498
216,0,-8.925692883008717,0.0001684917054412,0.002164127,0.0025944733
217,0,-8.93673034079681,0.000167649246914,0.0022457477,0.0026694797
218,0,-8.941094797824812,0.0001668110006795,0.002206176,0.0026471703
219,0,-8.943815338646,0.0001659769456761,0.0021418717,0.0025911191
220,0,-8.948894973441782,0.0001651470609477,0.0021506124,0.002575789
221,0,-8.957282606322401,0.0001643213256429,0.0021749455,0.002628346
222,0,-8.96694471683973,0.0001634997190147,0.0022904316,0.002730966
223,0,-8.96604548359804,0.0001626822204197,0.0021200832,0.0025772615
224,0,-8.974411133658851,0.0001618688093176,0.0021607822,0.002609152
225,0,-8.981573295654414,0.000161059465271,0.002143669,0.0025934551
226,0,-8.990536955771976,0.0001602541679446,0.00218517,0.0026303616
227,0,-8.994256032434325,0.0001594528971049,0.002130074,0.0025959245
228,0,-9.000662496664004,0.0001586556326194,0.0021208304,0.002560484
229,0,-9.007293799015986,0.0001578623544563,0.002130806,0.0025877184
230,0,-9.007949095576496,0.000157073042684,0.0021007713,0.0025419614
231,0,-9.019968929639342,0.0001562876774706,0.0021836683,0.00264617
232,0,-9.02572412389943,0.0001555062390832,0.0022101507,0.002645888
233,0,-9.030257913003023,0.0001547287078878,0.0021338004,0.0025739463
234,0,-9.038218035305032,0.0001539550643484,0.0021638225,0.0026344124
235,0,-9.050596033850324,0.0001531852890266,0.0021458182,0.0025925674
236,0,-9.0584903312211,0.0001524193625815,0.0021747518,0.0026080136
237,0,-9.06129071772882,0.0001516572657686,0.0022098445,0.0026799166
238,0,-9.066354154432076,0.0001508989794397,0.0021384263,0.0025930167
239,0,-9.070465037133992,0.0001501444845425,0.0021315934,0.0025739244
240,0,-9.075978843857746,0.0001493937621198,0.002096111,0.0025516255
241,0,-9.085050079600098,0.0001486467933092,0.00213703,0.0025777048
242,0,-9.091356939748144,0.0001479035593427,0.0021553643,0.002613321
243,0,-9.102535844957572,0.000147164041546,0.0020958066,0.0025454161
244,0,-9.108496460176196,0.0001464282213382,0.002082814,0.0025424375
245,0,-9.112970550001412,0.0001456960802315,0.0021436561,0.0025644193
246,0,-9.118389307592649,0.0001449675998304,0.0020725306,0.0025225822
247,0,-9.124661674328284,0.0001442427618312,0.0020803446,0.0025202236
248,0,-9.127810215560164,0.0001435215480221,0.0021295764,0.0025767908
249,0,-9.135707956126348,0.000142803940282,0.0020882164,0.0025388908
250,0,-9.14445069738977,0.0001420899205806,0.0021366368,0.0025831151
251,0,-9.152363802233198,0.0001413794709777,0.0021185535,0.0025690377
252,0,-9.154388449137777,0.0001406725736228,0.0020707299,0.002527995
253,0,-9.16736827946963,0.0001399692107547,0.0020593866,0.0024960544
254,0,-9.173856227357405,0.0001392693647009,0.0020452556,0.0025023303
255,0,-9.182152441427776,0.0001385730178774,0.0021127844,0.002552059
256,0,-9.18882578708836,0.000137880152788,0.002127245,0.0025793544
257,0,-9.193474258051044,0.000137190752024,0.0022015832,0.0026540582
258,0,-9.202709699754877,0.0001365047982639,0.0021038202,0.002545606
259,0,-9.209771389608086,0.0001358222742726,0.0020914744,0.0025347963
260,0,-9.218581788545237,0.0001351431629012,0.0020563737,0.0024950013
261,0,-9.220728813971265,0.0001344674470867,0.002077476,0.0025431355
262,0,-9.22591599931928,0.0001337951098513,0.0020782456,0.0025387078
263,0,-9.236324318864094,0.000133126134302,0.002084691,0.0025406328
264,0,-9.240306954232498,0.0001324605036305,0.0020322455,0.0024729904
265,0,-9.247055417568724,0.0001317982011124,0.0020474156,0.0024913703
266,0,-9.252442282260551,0.0001311392101068,0.0021036782,0.002555407
267,0,-9.258985567719709,0.0001304835140563,0.0020468605,0.0025033029
268,0,-9.263640834567408,0.000129831096486,0.0019980134,0.0024421175
269,0,-9.270693881728016,0.0001291819410036,0.0020768426,0.002503917
270,0,-9.28214953166623,0.0001285360312986,0.0020157427,0.002450405
271,0,-9.282537383580674,0.0001278933511421,0.002006699,0.0024507202
272,0,-9.28989989423492,0.0001272538843864,0.0020550592,0.0024997483
273,0,-9.29549615724838,0.0001266176149644,0.0020183697,0.002462788
274,0,-9.29850652944816,0.0001259845268896,0.002023331,0.0024673594
275,0,-9.306176253793025,0.0001253546042551,0.0020238939,0.002462775
276,0,-9.315293220038138,0.0001247278312339,0.0020423469,0.0024877472
277,0,-9.318183129932224,0.0001241041920777,0.0023919896,0.0028671767
278,0,-9.326003139161957,0.0001234836711173,0.0020152044,0.0024625931
279,0,-9.329928612166317,0.0001228662527617,0.002043838,0.0024881274
280,0,-9.33384541190179,0.0001222519214979,0.0020605694,0.0024839079
281,0,-9.345707767091527,0.0001216406618904,0.0020368837,0.0024939247
282,0,-9.347741796023268,0.000121032458581,0.0019623237,0.002392204
283,0,-9.353954678126046,0.0001204272962881,0.0019973102,0.002440814
284,0,-9.3631759639274,0.0001198251598066,0.002018737,0.0024656476
285,0,-9.365978055674512,0.0001192260340076,0.001984261,0.0024392651
286,0,-9.370499295659386,0.0001186299038376,0.0019905588,0.0024298672
287,0,-9.37497754294202,0.0001180367543184,0.0020279542,0.0024708384
288,0,-9.38245674095386,0.0001174465705468,0.0020196654,0.0024690933
289,0,-9.386883447322374,0.000116859337694,0.0019846377,0.0024231726
290,0,-9.394221824115192,0.0001162750410056,0.0019874056,0.002438753
291,0,-9.39753725468329,0.0001156936658005,0.0019748076,0.0024122966
292,0,-9.405034610421737,0.0001151151974715,0.0019873653,0.002444237
293,0,-9.412491948530436,0.0001145396214842,0.0020050497,0.0024567994
294,0,-9.4176381057025,0.0001139669233768,0.002013727,0.00246616
295,0,-9.423066718641785,0.0001133970887599,0.0019764102,0.0024237244
296,0,-9.431529296747804,0.0001128301033161,0.0019582326,0.0023978278
297,0,-9.43304511361032,0.0001122659527995,0.0019827054,0.002422009
298,0,-9.439794284787537,0.0001117046230355,0.001994083,0.0024250234
299,0,-9.447402608589549,0.0001111460999203,0.0019557977,0.0023999582
300,0,-9.45105482531343,0.0001105903694207,0.0019761117,0.002417968
301,0,-9.45330907351392,0.0001100374175736,0.0019620252,0.0023917886
302,0,-9.46077117540776,0.0001094872304857,0.0020237633,0.0024637233
303,0,-9.466392319872808,0.0001089397943333,0.0019604894,0.0024024188
304,0,-9.47237597309882,0.0001083950953617,0.0020095448,0.0024465772
305,0,-9.480954939220608,0.0001078531198848,0.0021111278,0.002599372
306,0,-9.485965896623568,0.0001073138542854,0.0019706523,0.0023986327
307,0,-9.489380472934792,0.000106777285014,0.001967993,0.0024035915
308,0,-9.495362538334344,0.0001062433985889,0.0019613786,0.002405956
309,0,-9.49855029120511,0.000105712181596,0.0019546119,0.0023841045
310,0,-9.504832049140797,0.000105183620688,0.0019539834,0.0023994963
311,0,-9.50909147693699,0.0001046577025846,0.0020032818,0.0024423995
312,0,-9.513714669262152,0.0001041344140716,0.001960028,0.0024034784
313,0,-9.519067656653704,0.0001036137420013,0.002005356,0.0024638444
314,0,-9.527231573255904,0.0001030956732913,0.0019522337,0.0024027624
315,0,-9.53214287153992,0.0001025801949248,0.0020735068,0.0025230194
316,0,-9.533353817466743,0.0001020672939502,0.0020045175,0.002454556
317,0,-9.544514240229423,0.0001015569574804,0.001957055,0.0024035627
318,0,-9.551323061151434,0.000101049172693,0.0019456975,0.002393705
319,0,-9.553485256083771,0.0001005439268296,0.001977326,0.0024268515
320,0,-9.55787243098546,0.0001000412071954,0.0019726644,0.0024191476
321,0,-9.563079468903537,9.954100115949416e-05,0.0019517933,0.002396001
322,0,-9.569672000220892,9.904329615369668e-05,0.0020058202,0.0024436591
323,0,-9.571816486592246,9.85480796729282e-05,0.0020117154,0.00246206
324,0,-9.58191274457652,9.805533927456356e-05,0.001968257,0.002426398
325,0,-9.585815858061247,9.756506257819076e-05,0.001937476,0.0023692779
326,0,-9.592223514766026,9.70772372652998e-05,0.0019252345,0.0023666003
327,0,-9.595322698230506,9.65918510789733e-05,0.0019190328,0.0023594345
328,0,-9.601332151113928,9.610889182357844e-05,0.0019551218,0.0024076109
329,0,-9.604921800198175,9.562834736446052e-05,0.0019329044,0.0023844815
330,0,-9.608659899895985,9.515020562763824e-05,0.001951318,0.0023902461
331,0,-9.619091504198805,9.467445459950003e-05,0.0019464201,0.0024056856
332,0,-9.621557514879251,9.420108232650254e-05,0.0019585127,0.0024141537
333,0,-9.625066918339169,9.373007691487002e-05,0.0019106104,0.002356356
334,0,-9.630311287148864,9.326142653029568e-05,0.0019187117,0.0023662157
335,0,-9.636372847830726,9.27951193976442e-05,0.0019340917,0.002380349
336,0,-9.645945711371304,9.233114380065596e-05,0.0019179955,0.0023602531
337,0,-9.64565373323177,9.186948808165267e-05,0.0019214806,0.002385715
338,0,-9.65186128527662,9.141014064124444e-05,0.0019328072,0.0023858054
339,0,-9.658333337471324,9.09530899380382e-05,0.0019415321,0.0023872715
340,0,-9.658909193481074,9.0498324488348e-05,0.0019099747,0.002352328
341,0,-9.665724191424095,9.004583286590626e-05,0.0019078439,0.0023573213
342,0,-9.671202923786032,8.959560370157672e-05,0.0019615071,0.0024164033
343,0,-9.676629742203176,8.914762568306884e-05,0.0019263495,0.0023561304
344,0,-9.680756690602305,8.870188755465349e-05,0.0019560838,0.0023995067
345,0,-9.68744167543138,8.825837811688022e-05,0.0018919586,0.002333712
346,0,-9.69231690929348,8.781708622629581e-05,0.0019236475,0.0023652746
347,0,-9.696843018857436,8.737800079516434e-05,0.001907185,0.0023557525
348,0,-9.70085051672013,8.694111079118851e-05,0.0019178127,0.002382925
349,0,-9.705507447529236,8.650640523723257e-05,0.0018912876,0.0023279497
350,0,-9.71340865085965,8.60738732110464e-05,0.0019113146,0.0023551993
351,0,-9.71446623195246,8.564350384499117e-05,0.0018936855,0.0023376844
352,0,-9.721993337804289,8.521528632576621e-05,0.0018904799,0.0023336657
353,0,-9.726921194063696,8.478920989413738e-05,0.0018815541,0.002320284
354,0,-9.731190818745038,8.436526384466669e-05,0.0018939973,0.002327445
355,0,-9.736806357659832,8.394343752544336e-05,0.0018895812,0.0023243444
356,0,-9.74118464495288,8.352372033781614e-05,0.0018861586,0.0023209949
357,0,-9.746026108837464,8.310610173612705e-05,0.0019360906,0.0023918268
358,0,-9.752654902711058,8.269057122744642e-05,0.0018951463,0.002352662
359,0,-9.75363429443467,8.227711837130919e-05,0.0019100809,0.0023615656
360,0,-9.75892769659739,8.186573277945264e-05,0.0019072986,0.002372304
361,0,-9.764309408879502,8.145640411555538e-05,0.0018907599,0.002333201
362,0,-9.768935980495636,8.10491220949776e-05,0.0018961823,0.0023359414
363,0,-9.774571799742713,8.064387648450271e-05,0.0018843292,0.0023160963
364,0,-9.778261807837064,8.02406571020802e-05,0.0018769228,0.0023261218
365,0,-9.786058933775408,7.98394538165698e-05,0.0019087045,0.0023655004
366,0,-9.789096143085937,7.944025654748696e-05,0.0018860629,0.0023243704
367,0,-9.797095834157831,7.904305526474953e-05,0.0018849379,0.0023254212
368,0,-9.802887327054174,7.864783998842579e-05,0.0018716892,0.0023172144
369,0,-9.8014233348537,7.825460078848366e-05,0.0018764631,0.0023140975
370,0,-9.81034939072766,7.786332778454125e-05,0.0018884791,0.0023354595
371,0,-9.811010553042603,7.747401114561854e-05,0.0019181911,0.0023563919
372,0,-9.822573351149147,7.708664108989044e-05,0.0018687359,0.0023130956
373,0,-9.823409017212462,7.6701207884441e-05,0.0018990791,0.002340597
374,0,-9.827874904949338,7.631770184501878e-05,0.0018853723,0.0023248878
375,0,-9.83357338570524,7.593611333579368e-05,0.0018962825,0.0023393317
376,0,-9.840756016383,7.555643276911471e-05,0.0019600163,0.0024136328
377,0,-9.843882030231445,7.517865060526914e-05,0.001875009,0.0023153564
378,0,-9.847971321795756,7.480275735224279e-05,0.0018916109,0.0023324236
379,0,-9.850398080782387,7.442874356548158e-05,0.0018801132,0.002330941
380,0,-9.856178034188924,7.405659984765417e-05,0.0018922058,0.0023319896
381,0,-9.859540244637868,7.36863168484159e-05,0.001866508,0.002315298
382,0,-9.864942008847416,7.331788526417382e-05,0.0018697873,0.0023129561
383,0,-9.872515730079682,7.295129583785295e-05,0.0018648588,0.0023035547
384,0,-9.876261452139476,7.258653935866369e-05,0.0018845479,0.0023327062
385,0,-9.8789610096796,7.222360666187037e-05,0.0018534189,0.0022978587
386,0,-9.881711659885516,7.186248862856102e-05,0.0018854496,0.0023232433
387,0,-9.8895737004991,7.150317618541821e-05,0.0018742563,0.0023173434
388,0,-9.894453359972632,7.114566030449112e-05,0.001956948,0.0024156687
389,0,-9.901463355418771,7.078993200296866e-05,0.0018688301,0.002306461
390,0,-9.902163528792176,7.043598234295382e-05,0.0019328858,0.002380502
391,0,-9.909231971417835,7.008380243123905e-05,0.001862343,0.00229819
392,0,-9.914330982405165,6.973338341908285e-05,0.0018576965,0.002296008
393,0,-9.915521195776456,6.938471650198743e-05,0.0018765988,0.002313335
394,0,-9.922002417493148,6.90377929194775e-05,0.0018528702,0.0022896882
395,0,-9.92662969786756,6.869260395488011e-05,0.0019155133,0.0023777734
396,0,-9.928518344515904,6.834914093510571e-05,0.00194334,0.002418874
397,0,-9.932890384768248,6.800739523043019e-05,0.0019241126,0.002378486
398,0,-9.937979591164156,6.766735825427804e-05,0.0018688955,0.0023189222
399,0,-9.941462082295663,6.732902146300664e-05,0.0018668034,0.0023057775
400,0,-9.947421599214143,6.69923763556916e-05,0.0018752157,0.002323615
401,0,-9.950768542618428,6.665741447391314e-05,0.0018665122,0.0023074152
402,0,-9.95755806440113,6.632412740154358e-05,0.0018731378,0.002310868
403,0,-9.9618091632174,6.599250676453585e-05,0.0018595546,0.0022977819
404,0,-9.96338040387642,6.566254423071317e-05,0.0018660406,0.0023116383
405,0,-9.969153973872022,6.53342315095596e-05,0.0018588499,0.0023069242
406,0,-9.972772665840193,6.50075603520118e-05,0.0018458805,0.0022841985
407,0,-9.977364125485678,6.468252255025174e-05,0.001874739,0.0023138758
408,0,-9.9834174437185,6.435910993750048e-05,0.0018584154,0.0022955642
409,0,-9.985233161035888,6.403731438781298e-05,0.0018935412,0.002340902
410,0,-9.990562943167776,6.371712781587392e-05,0.001887427,0.0023376844
411,0,-9.996767777286689,6.339854217679455e-05,0.0018713153,0.0023198444
412,0,-10.000594855807233,6.308154946591058e-05,0.0018427437,0.0022861818
413,0,-10.00439559713928,6.276614171858103e-05,0.0018438128,0.0022791806
414,0,-10.00888449750523,6.245231100998813e-05,0.0018462213,0.0022879378
415,0,-10.010817382533643,6.214004945493819e-05,0.0018342489,0.0022762779
416,0,-10.019355005849512,6.18293492076635e-05,0.001858524,0.0022938636
417,0,-10.019676638398655,6.152020246162518e-05,0.0018668355,0.0023150854
418,0,-10.026130376927703,6.121260144931705e-05,0.0018413457,0.0022784367
419,0,-10.030779440153024,6.090653844207047e-05,0.0018530901,0.0022848768
420,0,-10.035414414437929,6.060200574986012e-05,0.0018391107,0.0022795158
421,0,-10.040467892751057,6.029899572111081e-05,0.0018365539,0.002277528
422,0,-10.044492678139292,5.9997500742505256e-05,0.0018358928,0.0022865213
423,0,-10.046728986622089,5.969751323879273e-05,0.0018376857,0.0022763312
424,0,-10.051129234414256,5.939902567259876e-05,0.0018299567,0.0022713707
425,0,-10.054638490190715,5.910203054423577e-05,0.0018316857,0.0022741605
426,0,-10.062217008536273,5.88065203915146e-05,0.0018429314,0.0022949388
427,0,-10.061375616452144,5.851248778955702e-05,0.0018357976,0.0022762946
428,0,-10.06754988804579,5.8219925350609234e-05,0.0018393154,0.0022747172
429,0,-10.069699393820022,5.7928825723856185e-05,0.0018415578,0.0022779175
430,0,-10.077462208274849,5.76391815952369e-05,0.0018430882,0.002280125
431,0,-10.07781825565535,5.735098568726072e-05,0.0018397347,0.002281938
432,0,-10.084064482419526,5.706423075882442e-05,0.0018302079,0.0022712369
433,0,-10.086641168548496,5.677890960503029e-05,0.0018172489,0.0022558055
434,0,-10.095294837731512,5.649501505700514e-05,0.001830476,0.0022768527
435,0,-10.097434286659976,5.621253998172012e-05,0.0018341935,0.002271418
436,0,-10.10084280978414,5.593147728181152e-05,0.0018630114,0.0023035137
437,0,-10.104423972726366,5.565181989540246e-05,0.0018310937,0.0022759594
438,0,-10.10717532465801,5.537356079592544e-05,0.0018338263,0.0022699558
439,0,-10.11084317320163,5.509669299194582e-05,0.0018234837,0.0022632983
440,0,-10.119638385203986,5.482120952698609e-05,0.0018633661,0.0022968638
441,0,-10.122127844837086,5.454710347935116e-05,0.001829557,0.0022722064
442,0,-10.124379939549854,5.42743679619544e-05,0.0018337622,0.0022774779
443,0,-10.128822576774164,5.400299612214463e-05,0.0018303924,0.0022614745
444,0,-10.133424106718982,5.37329811415339e-05,0.0018230018,0.0022549734
445,0,-10.136424146886435,5.346431623582623e-05,0.0018324461,0.0022631832
446,0,-10.139978804164835,5.31969946546471e-05,0.0018202475,0.0022567993
447,0,-10.145258475435432,5.2931009681373865e-05,0.0018265649,0.0022648757
448,0,-10.14846406528758,5.2666354632967e-05,0.0018151024,0.0022553303
449,0,-10.153732125214102,5.240302285980216e-05,0.0018228396,0.0022595692
450,0,-10.156460264547777,5.214100774550315e-05,0.0018297222,0.0022681847
451,0,-10.161057770653542,5.188030270677563e-05,0.0018217573,0.0022621488
452,0,-10.16883238847151,5.162090119324175e-05,0.001819241,0.002261737
453,0,-10.169626404437242,5.1362796687275545e-05,0.0018249096,0.0022634172
454,0,-10.17293111801759,5.110598270383917e-05,0.001828026,0.0022793957
455,0,-10.1769582770428,5.085045279031997e-05,0.0018324136,0.0022725456
456,0,-10.18086391031914,5.059620052636837e-05,0.0018225707,0.0022572025
457,0,-10.185731056142442,5.034321952373653e-05,0.0018122048,0.0022483265
458,0,-10.18718923854308,5.009150342611785e-05,0.0018470854,0.0023014836
459,0,-10.19288107690692,4.984104590898726e-05,0.0018540273,0.002295929
460,0,-10.198721533748117,4.959184067944232e-05,0.0018221936,0.0022572004
461,0,-10.200976081901958,4.934388147604511e-05,0.0018226403,0.0022604726
462,0,-10.204331716309376,4.9097162068664886e-05,0.0018213078,0.0022735326
463,0,-10.20729400577282,4.885167625832156e-05,0.0018158183,0.0022554286
464,0,-10.212848577410718,4.860741787702995e-05,0.0018417627,0.002281555
465,0,-10.216357550968072,4.83643807876448e-05,0.0018525904,0.0022967022
466,0,-10.220449589200031,4.812255888370658e-05,0.0018194356,0.002256088
467,0,-10.22310350766049,4.7881946089288046e-05,0.0018215956,0.0022614137
468,0,-10.226655439980409,4.764253635884161e-05,0.0018291194,0.002270595
469,0,-10.230601776101032,4.74043236770474e-05,0.0018112239,0.0022483189
470,0,-10.237436251443103,4.7167302058662165e-05,0.0018395027,0.0022762795
471,0,-10.241734267733502,4.693146554836885e-05,0.0018175868,0.0022567543
472,0,-10.242420361950902,4.669680822062701e-05,0.001801548,0.0022454874
473,0,-10.246063261469343,4.646332417952388e-05,0.0018236535,0.0022645765
474,0,-10.250244304819647,4.6231007558626256e-05,0.0018328782,0.0022667937
475,0,-10.25582927050748,4.599985252083313e-05,0.0018141788,0.0022464322
476,0,-10.25827024716068,4.576985325822896e-05,0.0018264859,0.0022665602
477,0,-10.260320592209403,4.554100399193781e-05,0.001820575,0.0022620035
478,0,-10.265000762217852,4.531329897197812e-05,0.0018114443,0.0022487862
479,0,-10.269442841119206,4.508673247711823e-05,0.0018190339,0.002259556
480,0,-10.274100757401966,4.486129881473264e-05,0.001812674,0.0022478567
481,0,-10.27648339817332,4.463699232065898e-05,0.0018192454,0.0022589327
482,0,-10.279945254899172,4.4413807359055685e-05,0.0018140571,0.0022583955
483,0,-10.286200560679532,4.41917383222604e-05,0.0018181079,0.00224606
484,0,-10.289745329893258,4.39707796306491e-05,0.0018085055,0.0022460842
485,0,-10.290476693828811,4.3750925732495854e-05,0.0018007354,0.0022356058
486,0,-10.29547146536976,4.3532171103833375e-05,0.0018159898,0.0022481466
487,0,-10.299111849683031,4.331451024831421e-05,0.0018218826,0.0022738979
488,0,-10.303480638453271,4.309793769707264e-05,0.0018123855,0.0022532924
489,0,-10.306678873791684,4.2882448008587273e-05,0.0018184021,0.0022510588
490,0,-10.30984289671374,4.2668035768544334e-05,0.0018144761,0.002244373
491,0,-10.310317883089438,4.245469558970161e-05,0.0018110616,0.002244122
492,0,-10.315379242134156,4.22424221117531e-05,0.001806799,0.0022393034
493,0,-10.317496226054809,4.2031210001194336e-05,0.0018083195,0.0022451612
494,0,-10.324060752553104,4.182105395118837e-05,0.001808712,0.0022519336
495,0,-10.327887233001524,4.161194868143242e-05,0.0018362969,0.0022806737
496,0,-10.331260572606531,4.140388893802526e-05,0.0018057988,0.002243407
497,0,-10.335906266019528,4.119686949333513e-05,0.0018163766,0.0022506558
498,0,-10.33895558843096,4.099088514586845e-05,0.001810208,0.0022450697
499,0,-10.34198903869306,4.078593072013911e-05,0.0018348085,0.00227165
0,1,-4.01818702195548,0.0004975,0.03296023607254028,0.03382951393723488
1,1,-5.209257137779243,0.0004950125,0.02132108248770237,0.022082865238189697
2,1,-5.550817724144126,0.0004925374375,0.01564102992415428,0.016275880858302116
3,1,-5.723504796323199,0.0004900747503125,0.012923957780003548,0.013580960221588612
4,1,-5.854471437439547,0.0004876243765609375,0.011601421982049942,0.012216532602906227
5,1,-5.952808272727753,0.00048518625467813283,0.010776595212519169,0.01126424316316843
6,1,-6.052719005677669,0.00048276032340474216,0.010004491545259953,0.010519363917410374
7,1,-6.148702791922748,0.00048034652178771843,0.009625138714909554,0.010122721083462238
8,1,-6.221811085566759,0.00047794478917877984,0.008977631106972694,0.009504247456789017
9,1,-6.285591771106531,0.00047555506523288594,0.008296534419059753,0.008796371519565582
10,1,-6.35327941662763,0.0004731772899067215,0.007870473898947239,0.008352912031114101
11,1,-6.403100796485796,0.00047081140345718787,0.0073796543292701244,0.007842577062547207
12,1,-6.469478275730809,0.0004684573464399019,0.007835933938622475,0.008277705870568752
13,1,-6.519990363920603,0.0004661150597077024,0.0075088622979819775,0.00804296787828207
14,1,-6.565193880441365,0.0004637844844091639,0.006824800278991461,0.007303740829229355
15,1,-6.600027935288586,0.00046146556198711807,0.0066115278750658035,0.0071056014858186245
16,1,-6.653297854218968,0.00045915823417718246,0.006238091271370649,0.006734900176525116
17,1,-6.659732993805626,0.00045686244300629657,0.006179202347993851,0.006626520771533251
18,1,-6.7372043436251605,0.0004545781307912651,0.006056875456124544,0.006523217540234327
19,1,-6.75214166479181,0.00045230524013730876,0.0060087526217103004,0.006450125481933355
20,1,-6.8017768333951185,0.00045004371393662224,0.00610768748447299,0.0065907989628612995
21,1,-6.8277156515815545,0.00044779349536693913,0.005694607738405466,0.006193053442984819
22,1,-6.857682155011059,0.00044555452789010443,0.007403475698083639,0.007911540567874908
23,1,-6.883205638859814,0.0004433267552506539,0.005344972014427185,0.005785945802927017
24,1,-6.907258058672113,0.00044111012147440067,0.005262581631541252,0.005770301911979914
25,1,-6.92417270734395,0.00043890457086702867,0.005142854060977697,0.005600532051175833
26,1,-6.954908369748629,0.0004367100480126935,0.005268622189760208,0.00569765642285347
27,1,-6.983112511171596,0.00043452649777263005,0.005050514359027147,0.00554319703951478
28,1,-6.967887428946585,0.0004323538652837669,0.004945042543113232,0.00540539575740695
29,1,-7.016567524521348,0.00043019209595734806,0.0049470895901322365,0.005409487523138523
30,1,-7.0545382091501425,0.0004280411354775613,0.004868741612881422,0.005357681307941675
31,1,-7.068553730248258,0.0004259009298001735,0.004648842848837376,0.005095561500638723
32,1,-7.091152028190512,0.0004237714251511726,0.005743174348026514,0.0062464578077197075
33,1,-7.118826122534661,0.00042165256802541675,0.005057201255112886,0.00545137794688344
34,1,-7.14402293348664,0.0004195443051852897,0.0046618725173175335,0.005092333536595106
35,1,-7.160162690588586,0.0004174465836593632,0.0045730178244411945,0.004990874789655209
36,1,-7.188868700445138,0.0004153593507410664,0.0047376882284879684,0.005193031392991543
37,1,-7.205518506512729,0.0004132825539873611,0.0045330822467803955,0.005011375993490219
38,1,-7.231839382713443,0.00041121614121742426,0.004289815668016672,0.004758839495480061
39,1,-7.247404340522035,0.00040916006051133714,0.004178256262093782,0.004656441044062376
40,1,-7.274512164827416,0.00040711426020878045,0.0044914595782756805,0.004927190486341715
41,1,-7.287924482792606,0.00040507868890773653,0.004566441755741835,0.005044866353273392
42,1,-7.302186067916904,0.00040305329546319786,0.004124791827052832,0.004544912371784449
43,1,-7.324605720400161,0.0004010380289858819,0.004219915717840195,0.004691856447607279
44,1,-7.35382248431148,0.0003990328388409525,0.004009833559393883,0.004456708207726479
45,1,-7.360841418122893,0.00039703767464674774,0.004091332666575909,0.004543528892099857
46,1,-7.37528424769038,0.000395052486273514,0.00408302154392004,0.004544626921415329
47,1,-7.396324408593259,0.0003930772238421464,0.004063733387738466,0.0045114909298717976
48,1,-7.411319706064648,0.00039111183772293565,0.004000055603682995,0.004433422349393368
49,1,-7.432875649139414,0.00038915627853432097,0.0040428247302770615,0.004518193658441305
50,1,-7.435027171266732,0.0003872104971416494,0.003866428043693304,0.004309467971324921
51,1,-7.452865733592775,0.00038527444465594115,0.0038276556879281998,0.0042682127095758915
52,1,-7.471255861822326,0.0003833480724326614,0.0038436115719377995,0.0043106358498334885
53,1,-7.481864013592377,0.0003814313320704981,0.0037440862506628036,0.004173120483756065
54,1,-7.5008035374207545,0.0003795241754101456,0.0038219343405216932,0.004291138611733913
55,1,-7.513755991581962,0.0003776265545330949,0.004045950248837471,0.004506357479840517
56,1,-7.5288651086612175,0.0003757384217604294,0.003677394473925233,0.004158868920058012
57,1,-7.539922074577524,0.00037385972965162724,0.003992523066699505,0.004437699913978577
58,1,-7.551761222214377,0.0003719904310033691,0.003584863618016243,0.004017560742795467
59,1,-7.562749116609554,0.0003701304788483523,0.00357298506423831,0.004014193080365658
60,1,-7.587459552895759,0.0003682798264541105,0.0036080568097531796,0.00407636072486639
61,1,-7.592252089068384,0.00036643842732183993,0.0034595353063195944,0.003903779434040189
62,1,-7.6126729672289155,0.00036460623518523073,0.003489146241918206,0.00393011374399066
63,1,-7.6174152258994985,0.00036278320400930455,0.003546883584931493,0.0039942399598658085
64,1,-7.615816700951569,0.00036096928798925803,0.0034518586471676826,0.003894324880093336
65,1,-7.638788819962795,0.00035916444154931174,0.003582462901249528,0.004042597953230143
66,1,-7.654604688597321,0.0003573686193415652,0.0034878982696682215,0.003947311546653509
67,1,-7.664538756820321,0.00035558177624485734,0.0035237029660493135,0.0039808424189686775
68,1,-7.683299289524804,0.00035380386736363304,0.003308199578896165,0.0037277662195265293
69,1,-7.699701831599924,0.0003520348480268149,0.0036673445720225573,0.004166451282799244
70,1,-7.710953959825521,0.00035027467378668083,0.003270404413342476,0.00374109810218215
71,1,-7.713766878176362,0.0003485233004177474,0.0033505968749523163,0.003819119418039918
72,1,-7.725127781228631,0.0003467806839156587,0.00335614662617445,0.0037981155328452587
73,1,-7.7402097153793585,0.00034504678049608037,0.003354092128574848,0.0038067761342972517
74,1,-7.739637940539195,0.0003433215465936,0.0033021140843629837,0.0037608526181429625
75,1,-7.757782275342682,0.000341604938860632,0.003185056382790208,0.0036481537390500307
76,1,-7.765271429145669,0.00033989691416632886,0.003302959492430091,0.003750412492081523
77,1,-7.777232523719712,0.00033819742959549724,0.0034493091516196728,0.003944654017686844
78,1,-7.788162875687629,0.00033650644244751974,0.0031928985845297575,0.0036790708545595407
79,1,-7.79682496450925,0.00033482391023528216,0.003196987323462963,0.0036495071835815907
80,1,-7.812156903663481,0.00033314979068410573,0.003290480701252818,0.003764065448194742
81,1,-7.8201732401589465,0.0003314840417306852,0.0032491127494722605,0.0037231913302093744
82,1,-7.827750148663119,0.0003298266215220318,0.00325472722761333,0.003740286687389016
83,1,-7.836734289540508,0.0003281774884144216,0.003322608070448041,0.0037782888393849134
84,1,-7.851448724421984,0.0003265366009723495,0.003212773473933339,0.003657228546217084
85,1,-7.873209270998315,0.00032490391796748775,0.0031605935655534267,0.0036350442096590996
86,1,-7.861788101171828,0.0003232793983776503,0.0032593156211078167,0.0037322372663766146
87,1,-7.883437922766056,0.00032166300138576203,0.0030674112495034933,0.003558478318154812
88,1,-7.898859460218551,0.00032005468637883323,0.003112600650638342,0.00358218583278358
89,1,-7.90334395668223,0.00031845441294693904,0.003002502955496311,0.003436333267018199
90,1,-7.917328870307944,0.00031686214088220434,0.003240871010348201,0.003759275656193495
91,1,-7.92550482494627,0.0003152778301777933,0.003034027060493827,0.003504736116155982
92,1,-7.937088696228154,0.00031370144102690434,0.0029859074857085943,0.0034496646840125322
93,1,-7.941785329578396,0.0003121329338217698,0.0030946272891014814,0.0035269646905362606
94,1,-7.962635192858864,0.00031057226915266094,0.002976072486490011,0.0034427540376782417
95,1,-7.967052085615955,0.00030901940780689763,0.0030005958396941423,0.0034546670503914356
96,1,-7.976998847583503,0.0003074743107678631,0.003290063003078103,0.0038118914235383272
97,1,-7.984142161287074,0.0003059369392140238,0.0030067418701946735,0.003490185597911477
98,1,-8.00056670529218,0.00030440725451795367,0.0030244621448218822,0.00349606154486537
99,1,-8.010677326944785,0.0003028852182453639,0.0029690302908420563,0.003417988307774067
100,1,-8.013892369149549,0.0003013707921541371,0.0028323582373559475,0.0033171114046126604
101,1,-8.035354779522631,0.00029986393819336646,0.0029149712063372135,0.003390332218259573
102,1,-8.031516396032384,0.00029836461850239965,0.002889333525672555,0.003312289947643876
103,1,-8.04414524822596,0.00029687279540988764,0.0032488468568772078,0.003745994297787547
104,1,-8.053190556043385,0.0002953884314328382,0.002944223815575242,0.0034319283440709114
105,1,-8.05994114978224,0.000293911489275674,0.0028876157011836767,0.0033753588795661926
106,1,-8.072474262736554,0.00029244193182929564,0.002854681806638837,0.0033266765531152487
107,1,-8.080619067326307,0.00029097972217014917,0.003005068749189377,0.0034829957876354456
108,1,-8.082433347711198,0.00028952482355929844,0.0029015494510531425,0.003379254834726453
109,1,-8.09313342876257,0.00028807719944150197,0.0027514654211699963,0.0032070318702608347
110,1,-8.106375922068223,0.00028663681344429445,0.0028896802105009556,0.003355693072080612
111,1,-8.111567005281,0.00028520362937707296,0.0029766750521957874,0.0034559573978185654
112,1,-8.127027587425866,0.0002837776112301876,0.002865252085030079,0.003337113419547677
113,1,-8.11960278783482,0.00028235872317403663,0.0027552000246942043,0.0032152882777154446
114,1,-8.142749430774764,0.00028094692955816646,0.002778326626867056,0.003252562368288636
115,1,-8.149493303387622,0.00027954219491037563,0.002845396287739277,0.003305007005110383
116,1,-8.157736826264044,0.00027814448393582373,0.002822012873366475,0.003304441226646304
117,1,-8.17179361372737,0.0002767537615161446,0.0029391206335276365,0.0034124874509871006
118,1,-8.169380018442784,0.00027536999270856387,0.0027485049795359373,0.0032535491045564413
119,1,-8.176582316245433,0.00027399314274502103,0.0027794458437711,0.0032616471871733665
120,1,-8.193332652550318,0.0002726231770312959,0.003016809467226267,0.0035071123857051134
121,1,-8.196781776393978,0.0002712600611461394,0.0026774685829877853,0.0031700022518634796
122,1,-8.205603938639335,0.00026990376084040874,0.002746087033301592,0.0032154445070773363
123,1,-8.211039294719543,0.0002685542420362067,0.0027455464005470276,0.003207459347322583
124,1,-8.226011848480283,0.00026721147082602563,0.0027454637456685305,0.003251897869631648
125,1,-8.225309575280535,0.0002658754134718955,0.002752558561041951,0.0032432733569294214
126,1,-8.242153633095661,0.000264546036404536,0.0026882891543209553,0.0031724409200251102
127,1,-8.24142848898792,0.0002632233062225133,0.0028337077237665653,0.0032923766411840916
128,1,-8.250637269088877,0.00026190718969140074,0.0027871825732290745,0.00324089708738029
129,1,-8.268020976006355,0.00026059765374294373,0.0027648266404867172,0.0032368863467127085
130,1,-8.270716819445191,0.00025929466547422903,0.0028834273107349873,0.0033632097765803337
131,1,-8.275220487697952,0.0002579981921468579,0.002651481656357646,0.0031244338024407625
132,1,-8.280847770963659,0.0002567082011861236,0.002598181366920471,0.0030812863260507584
133,1,-8.296802166372816,0.000255424660180193,0.003067323938012123,0.0035358688328415155
134,1,-8.30730563946816,0.00025414753687929203,0.0026470518205314875,0.003154805861413479
135,1,-8.312523891850136,0.00025287679919489556,0.0028267628513276577,0.0033051492646336555
136,1,-8.31654022121399,0.0002516124151989211,0.0027406413573771715,0.003250252455472946
137,1,-8.328715224570287,0.0002503543531229265,0.002765595680102706,0.0032191735226660967
138,1,-8.336359198791317,0.00024910258135731186,0.002821127651259303,0.0032783159986138344
139,1,-8.34419466418003,0.0002478570684505253,0.002648997353389859,0.0031033935956656933
140,1,-8.340090921652092,0.00024661778310827265,0.002537655411288142,0.0029970561154186726
141,1,-8.356607119904837,0.00024538469419273126,0.0026106734294444323,0.0030867198947817087
142,1,-8.365479609032937,0.0002441577707217676,0.0025504394434392452,0.0030450779013335705
143,1,-8.375709454193066,0.00024293698186815877,0.002671318594366312,0.003157712984830141
144,1,-8.381710153239093,0.00024172229695881798,0.0025759022682905197,0.0030528493225574493
145,1,-8.390555512488518,0.0002405136854740239,0.002556973835453391,0.0030260831117630005
146,1,-8.390109366275974,0.00023931111704665378,0.002687586937099695,0.0031825171317905188
147,1,-8.399585598667068,0.0002381145614614205,0.002569986507296562,0.0030618300661444664
148,1,-8.413469553375977,0.0002369239886541134,0.002716196933761239,0.003219733014702797
149,1,-8.41898751572257,0.00023573936871084284,0.0028628988657146692,0.0033395590726286173
150,1,-8.425311201847146,0.00023456067186728861,0.002546481089666486,0.0030237457249313593
151,1,-8.437811456455869,0.00023338786850795218,0.0025881631299853325,0.0030450718477368355
152,1,-8.442039021623177,0.0002322209291654124,0.002661176258698106,0.003130529774352908
153,1,-8.445560455628028,0.00023105982451958535,0.0026462639216333628,0.003153420053422451
154,1,-8.455955268099125,0.00022990452539698743,0.0024982327595353127,0.00299451919272542
155,1,-8.45506321997855,0.0002287550027700025,0.0025125532411038876,0.003002322046086192
156,1,-8.470073679159299,0.00022761122775615247,0.0025337354745715857,0.003001558128744364
157,1,-8.481188434712127,0.0002264731716173717,0.002630093600600958,0.0031260219402611256
158,1,-8.484837391851192,0.00022534080575928482,0.0025021720211952925,0.002967752981930971
159,1,-8.497864834809006,0.0002242141017304884,0.00247058249078691,0.002976605435833335
160,1,-8.504498259613781,0.00022309303122183596,0.002472927561029792,0.0029637212865054607
161,1,-8.511085938474771,0.00022197756606572678,0.0024337428621947765,0.0029264483600854874
162,1,-8.520939847910087,0.00022086767823539815,0.0025217030197381973,0.003003896214067936
163,1,-8.524469971236375,0.00021976333984422117,0.002516375621780753,0.0029944523703306913
164,1,-8.524601506743533,0.00021866452314500006,0.002414122922345996,0.0028948821127414703
165,1,-8.541113031411179,0.00021757120052927505,0.0025157607160508633,0.0030201806221157312
166,1,-8.548076545859653,0.00021648334452662867,0.0024030841886997223,0.0028949968982487917
167,1,-8.554191338324172,0.00021540092780399553,0.0024420449044555426,0.002918500453233719
168,1,-8.563101003780774,0.00021432392316497555,0.0025011023972183466,0.0029800559859722853
169,1,-8.569859746558118,0.00021325230354915067,0.002504755277186632,0.002976370742544532
170,1,-8.58031377153314,0.00021218604203140492,0.0024200077168643475,0.002914524869993329
171,1,-8.584480068858673,0.0002111251118212479,0.002388122258707881,0.002851766301319003
172,1,-8.596496605880752,0.00021006948626214165,0.0024467946495860815,0.002956133335828781
173,1,-8.606117530907145,0.00020901913883083093,0.002502461662515998,0.0029815270099788904
174,1,-8.608887840899644,0.00020797404313667678,0.0024073300883173943,0.002872440265491605
175,1,-8.618622503742342,0.0002069341729209934,0.002406383864581585,0.0028807816561311483
176,1,-8.618749397157973,0.00020589950205638844,0.0028976246248930693,0.0033852679189294577
177,1,-8.641163221801387,0.0002048700045461065,0.002416817471385002,0.0029041508678346872
178,1,-8.643507468849469,0.00020384565452337598,0.002363393781706691,0.0028478913009166718
179,1,-8.651985809335956,0.0002028264262507591,0.0023480462841689587,0.0028135725297033787
180,1,-8.652337160504908,0.0002018122941195053,0.002386481501162052,0.0028634960763156414
181,1,-8.668181970357207,0.00020080323264890778,0.0023978871759027243,0.0028680162504315376
182,1,-8.676515845237308,0.00019979921648566323,0.00241487892344594,0.0029124312568455935
183,1,-8.676538096516895,0.00019880022040323492,0.0023781252093613148,0.0028526366222649813
184,1,-8.688731565350102,0.00019780621930121876,0.0024203844368457794,0.002907398622483015
185,1,-8.694976937660005,0.00019681718820471265,0.002349517773836851,0.0028347198385745287
186,1,-8.703583924959164,0.00019583310226368907,0.0023318559397011995,0.002811727812513709
187,1,-8.714586449953638,0.00019485393675237062,0.0023733568377792835,0.0028579493518918753
188,1,-8.723724786575577,0.00019387966706860876,0.0023619518615305424,0.00285156536847353
189,1,-8.726730108184668,0.00019291026873326572,0.0023381283972412348,0.002835924969986081
190,1,-8.728767608900641,0.0001919457173895994,0.00228085252456367,0.0027479317504912615
191,1,-8.740640048607682,0.0001909859888026514,0.0023719430901110172,0.002853872487321496
192,1,-8.748037657167485,0.00019003105885863813,0.002482503652572632,0.0029447651468217373
193,1,-8.754917365536166,0.00018908090356434495,0.002325488720089197,0.0028155490290373564
194,1,-8.7605491600269,0.00018813549904652324,0.002285679802298546,0.002771323313936591
195,1,-8.771328661907328,0.00018719482155129063,0.002479370217770338,0.0030007523018866777
196,1,-8.774652187241006,0.00018625884744353417,0.0022726086899638176,0.002763888332992792
197,1,-8.786090617227265,0.0001853275532063165,0.0023199748247861862,0.0028124635573476553
198,1,-8.790374042514655,0.00018440091544028492,0.0022805379703640938,0.0027732921298593283
199,1,-8.795467676356573,0.0001834789108630835,0.0023875220213085413,0.002864759648218751
200,1,-8.805214385643874,0.00018256151630876807,0.002329320879653096,0.0028286364395171404
201,1,-8.811336366287138,0.00018164870872722423,0.0022628705482929945,0.0027645325753837824
202,1,-8.813516183555336,0.0001807404651835881,0.0022562937811017036,0.0027325295377522707
203,1,-8.830186452189865,0.00017983676285767016,0.0022516269236803055,0.002749611856415868
204,1,-8.838496800759314,0.00017893757904338182,0.0022690731566399336,0.0027786497958004475
205,1,-8.840237920503656,0.00017804289114816492,0.002422535326331854,0.002939240075647831
206,1,-8.851924706667269,0.0001771526766924241,0.002229219302535057,0.0027244635857641697
207,1,-8.850939917312138,0.00017626691330896197,0.0022808010689914227,0.002785426564514637
208,1,-8.860773478230056,0.00017538557874241715,0.0022520567290484905,0.0027483340818434954
209,1,-8.868246608989748,0.00017450865084870507,0.002289936412125826,0.0027987880166620016
210,1,-8.878784854506101,0.00017363610759446154,0.0022317999973893166,0.0027107468340545893
211,1,-8.883134255160044,0.00017276792705648924,0.0022490331903100014,0.0027591795660555363
212,1,-8.888064771861975,0.0001719040874212068,0.002307693473994732,0.0027856449596583843
213,1,-8.897593825396225,0.00017104456698410075,0.0021910597570240498,0.00267950096167624
214,1,-8.902131516339496,0.00017018934414918024,0.00216837041079998,0.0026537522207945585
215,1,-8.901825358447987,0.00016933839742843434,0.0023040559608489275,0.0028146265540271997
216,1,-8.914844416012631,0.00016849170544129218,0.0022373830433934927,0.002703231293708086
217,1,-8.916260919879743,0.00016764924691408572,0.0021676961332559586,0.002654348500072956
218,1,-8.931179421190345,0.00016681100067951528,0.0022295338567346334,0.0027220018673688173
219,1,-8.94068534345954,0.0001659769456761177,0.002172015840187669,0.0026568123139441013
220,1,-8.942993449033473,0.00016514706094773713,0.002267166506499052,0.0027453573420643806
221,1,-8.952990959989371,0.00016432132564299845,0.0022526830434799194,0.002737127710133791
222,1,-8.957981402234184,0.00016349971901478345,0.0022291610948741436,0.002717214170843363
223,1,-8.967044812282257,0.00016268222041970954,0.002177254995331168,0.0026769547257572412
224,1,-8.972394449124545,0.000161868809317611,0.002285219496116042,0.002779843518510461
225,1,-8.974612361385716,0.00016105946527102293,0.0021530059166252613,0.0026436138432472944
226,1,-8.984227714342886,0.0001602541679446678,0.0022603431716561317,0.00275418977253139
227,1,-8.990006800911754,0.00015945289710494445,0.002364804968237877,0.002894354984164238
228,1,-8.998939900644393,0.00015865563261941972,0.002148179803043604,0.0026318158488720655
229,1,-9.000096237938463,0.00015786235445632262,0.0022108766715973616,0.0026874796021729708
230,1,-9.012590303754301,0.000157073042684041,0.002179395407438278,0.0026781836058944464
231,1,-9.014086197721305,0.0001562876774706208,0.002282834379002452,0.002782831434160471
232,1,-9.024192694174475,0.0001555062390832677,0.0021490457002073526,0.0026370829436928034
233,1,-9.030057739852216,0.00015472870788785136,0.00217837723903358,0.002641817322000861
234,1,-9.038926800308644,0.0001539550643484121,0.002125994535163045,0.0026177940890192986
235,1,-9.040149377454126,0.00015318528902667005,0.0021250054705888033,0.0026172504294663668
236,1,-9.053402506873255,0.0001524193625815367,0.0022150082513689995,0.0027034184895455837
237,1,-9.055232764131253,0.000151657265768629,0.002201321069151163,0.0026810739655047655
238,1,-9.056377907447533,0.00015089897943978584,0.0021508452482521534,0.0026346100494265556
239,1,-9.069234487528066,0.0001501444845425869,0.0021413620561361313,0.0026317008305341005
240,1,-9.0761676548612,0.000149393762119874,0.0021271274890750647,0.0026141556445509195
241,1,-9.086865433976985,0.0001486467933092746,0.0020759638864547014,0.0025560918729752302
242,1,-9.087221318997416,0.00014790355934272823,0.002201281487941742,0.0026746192015707493
243,1,-9.093190990300009,0.0001471640415460146,0.002077904064208269,0.002558986423537135
244,1,-9.098707063032213,0.00014642822133828452,0.002096859971061349,0.002571016550064087
245,1,-9.10742179550166,0.0001456960802315931,0.0021228159312158823,0.0025998528581112623
246,1,-9.114198492367553,0.00014496759983043513,0.002114097820594907,0.002604137407615781
247,1,-9.119079656194288,0.00014424276183128295,0.0021240473724901676,0.0026056591887027025
248,1,-9.12518792092781,0.00014352154802212654,0.002230218844488263,0.002749342005699873
249,1,-9.128419272828538,0.0001428039402820159,0.002206554403528571,0.0026901026722043753
250,1,-9.135227888583678,0.0001420899205806058,0.002139309886842966,0.002633846364915371
251,1,-9.1463158437173,0.00014137947097770276,0.0021089690271764994,0.0026007681153714657
252,1,-9.152654431347054,0.00014067257362281426,0.0021481565199792385,0.002638612873852253
253,1,-9.152146935348291,0.0001399692107547002,0.002076535951346159,0.0025717071257531643
254,1,-9.1605215326415,0.00013926936470092668,0.00211480725556612,0.002613414078950882
255,1,-9.170831459842839,0.00013857301787742205,0.0020974515937268734,0.0025978810153901577
256,1,-9.176344280175652,0.00013788015278803494,0.002091163070872426,0.002597378334030509
257,1,-9.181476591794526,0.00013719075202409475,0.0021279845386743546,0.0026213456876575947
258,1,-9.191599414149092,0.00013650479826397428,0.0021001831628382206,0.002580589149147272
259,1,-9.199953434825822,0.0001358222742726544,0.0020924583077430725,0.0025766489561647177
260,1,-9.202465543841734,0.00013514316290129115,0.0021025610622018576,0.0025887032970786095
261,1,-9.209412444818858,0.00013446744708678468,0.0021247095428407192,0.0026184958405792713
262,1,-9.2077548448074,0.00013379510985135076,0.0021059634163975716,0.0026104154530912638
263,1,-9.220039496096177,0.000133126134302094,0.00208079582080245,0.00257574999704957
264,1,-9.224651838732514,0.00013246050363058354,0.002028645481914282,0.002506445161998272
265,1,-9.230416744020589,0.0001317982011124306,0.0020887202117592096,0.002594093093648553
266,1,-9.238902191964431,0.00013113921010686846,0.00204896810464561,0.002549226861447096
267,1,-9.245561088495966,0.00013048351405633413,0.0020764758810400963,0.002574199577793479
268,1,-9.253631664568433,0.00012983109648605245,0.0021072456147521734,0.0025845214258879423
269,1,-9.253593358904858,0.0001291819410036222,0.0020883623510599136,0.0025879989843815565
270,1,-9.258333098242474,0.00012853603129860407,0.0020875202026218176,0.002568628406152129
271,1,-9.271521766738427,0.00012789335114211104,0.0020453634206205606,0.002533289371058345
272,1,-9.270617610714917,0.00012725388438640048,0.002062387065961957,0.002550824312493205
273,1,-9.280366645022896,0.00012661761496446847,0.0020543034188449383,0.0025456349831074476
274,1,-9.287022638641973,0.00012598452688964614,0.002041763858869672,0.0025472717825323343
275,1,-9.286749201655656,0.0001253546042551979,0.0020439017098397017,0.0025415827985852957
276,1,-9.296627499347085,0.0001247278312339219,0.002034764038398862,0.002522360300645232
277,1,-9.30516803597135,0.0001241041920777523,0.0020654520485550165,0.002562400186434388
278,1,-9.31391049776753,0.00012348367111736353,0.0020222009625285864,0.0025128782726824284
279,1,-9.316905746631187,0.00012286625276177672,0.002053328789770603,0.0025345406029373407
280,1,-9.320575220304333,0.00012225192149796784,0.0020229252986609936,0.002512093633413315
281,1,-9.322560710301572,0.000121640661890478,0.0020845409017056227,0.002587341470643878
282,1,-9.33403758965994,0.0001210324585810256,0.0020073959603905678,0.002496403641998768
283,1,-9.339842756882277,0.00012042729628812047,0.0020335668232291937,0.0025329170748591423
284,1,-9.346021698697632,0.00011982515980667986,0.002014270517975092,0.0025011845864355564
285,1,-9.348426026004597,0.00011922603400764647,0.0020262887701392174,0.002515121828764677
286,1,-9.356660475368567,0.00011862990383760824,0.002017937134951353,0.002522248076274991
287,1,-9.358188818723356,0.00011803675431842019,0.0020257930736988783,0.002506895223632455
288,1,-9.363113337275538,0.00011744657054682809,0.002054068259894848,0.0025479139294475317
289,1,-9.373969096103973,0.00011685933769409395,0.001987695461139083,0.0024752605240792036
290,1,-9.37941575791829,0.00011627504100562348,0.00209631840698421,0.002613046206533909
291,1,-9.384457261335319,0.00011569366580059537,0.0020142924040555954,0.002512531355023384
292,1,-9.391679094784838,0.0001151151974715924,0.002013961086049676,0.002504341071471572
293,1,-9.396545101947302,0.00011453962148423443,0.001983694266527891,0.0024730118457227945
294,1,-9.402911955517583,0.00011396692337681326,0.002020386978983879,0.0025147898122668266
295,1,-9.407310646059575,0.00011339708875992919,0.002049525734037161,0.0025431455578655005
296,1,-9.416495877834954,0.00011283010331612954,0.002004425274208188,0.0025043112691491842
297,1,-9.422026872099803,0.00011226595279954889,0.0020181210711598396,0.0025076023302972317
298,1,-9.425282114780495,0.00011170462303555114,0.001971993362531066,0.0024569097440689802
299,1,-9.430835642544036,0.00011114609992037339,0.001953577622771263,0.0024450800847262144
300,1,-9.434558919164836,0.00011059036942077152,0.001980170141905546,0.002469389932230115
301,1,-9.440483864089853,0.00011003741757366766,0.0020418434869498014,0.00253899279050529
302,1,-9.448231082499198,0.00010948723048579933,0.0020001274533569813,0.002492866711691022
303,1,-9.452748476598996,0.00010893979433337033,0.001969490898773074,0.0024632855784147978
304,1,-9.458614317565898,0.00010839509536170347,0.001999150263145566,0.0024916501715779305
305,1,-9.462686319158566,0.00010785311988489495,0.0019970624707639217,0.002490113489329815
306,1,-9.47014309588668,0.00010731385428547048,0.0020096334628760815,0.0025174939073622227
307,1,-9.475031613615622,0.00010677728501404313,0.001985379494726658,0.0024719522334635258
308,1,-9.479746926476764,0.00010624339858897291,0.002019083360210061,0.002508012345060706
309,1,-9.483448557534176,0.00010571218159602804,0.001967780524864793,0.002461798721924424
310,1,-9.495167639592628,0.0001051836206880479,0.001989970216527581,0.0024849665351212025
311,1,-9.496783320435197,0.00010465770258460766,0.001986446790397167,0.002478484995663166
312,1,-9.503142041325301,0.00010413441407168463,0.0020039973314851522,0.002506685210391879
313,1,-9.508664676645468,0.00010361374200132621,0.0019603504333645105,0.0024507769849151373
314,1,-9.514571023545383,0.00010309567329131958,0.002026535803452134,0.0025215281639248133
315,1,-9.518770833396117,0.00010258019492486298,0.0019633029587566853,0.0024550140369683504
316,1,-9.523715594977514,0.00010206729395023866,0.0019560682121664286,0.002461707917973399
317,1,-9.52735378055016,0.00010155695748048746,0.0019850819371640682,0.002497334498912096
318,1,-9.539191544151489,0.00010104917269308503,0.0019445425132289529,0.0024393051862716675
319,1,-9.542430506795215,0.0001005439268296196,0.0019560453947633505,0.0024550585076212883
320,1,-9.548795694875274,0.00010004120719547151,0.001975750783458352,0.0024783164262771606
321,1,-9.548523743590623,9.954100115949416e-05,0.001969508593901992,0.0024573213886469603
322,1,-9.556523407449628,9.904329615369669e-05,0.00199289177544415,0.002490599639713764
323,1,-9.563947459909159,9.854807967292821e-05,0.001985811162739992,0.0024893945083022118
324,1,-9.569160556823789,9.805533927456357e-05,0.0019600794184952974,0.0024605668149888515
325,1,-9.578350023414584,9.756506257819075e-05,0.0019744867458939552,0.0024758216459304094
326,1,-9.575613192772018,9.70772372652998e-05,0.0019326111068949103,0.0024228570982813835
327,1,-9.58365026579793,9.65918510789733e-05,0.0019823319744318724,0.0024888147599995136
328,1,-9.587086933474772,9.610889182357843e-05,0.001949827536009252,0.002449674066156149
329,1,-9.595236504295768,9.562834736446053e-05,0.0019290586933493614,0.002420451957732439
330,1,-9.598107848881376,9.515020562763823e-05,0.0019294987432658672,0.002411833731457591
331,1,-9.605309052817445,9.467445459950003e-05,0.0019363375613465905,0.002431098371744156
332,1,-9.608845894212102,9.420108232650254e-05,0.0019229878671467304,0.0024229707196354866
333,1,-9.61234609573917,9.373007691487002e-05,0.0019416286377236247,0.0024466486647725105
334,1,-9.623472276732263,9.326142653029568e-05,0.001959720626473427,0.002455098321661353
335,1,-9.626360299763828,9.279511939764419e-05,0.0019378805300220847,0.002431652043014765
336,1,-9.633426055651363,9.233114380065597e-05,0.0019339208956807852,0.002431930275633931
337,1,-9.635956084510385,9.186948808165269e-05,0.0020117543172091246,0.0025195826310664415
338,1,-9.641977009004261,9.141014064124443e-05,0.0019007010851055384,0.0023832940496504307
339,1,-9.649251165815025,9.09530899380382e-05,0.0019084953237324953,0.0023994140792638063
340,1,-9.652422952361503,9.0498324488348e-05,0.0019144186517223716,0.002399257617071271
341,1,-9.654558756291083,9.004583286590626e-05,0.0019390680827200413,0.002420543460175395
342,1,-9.661032935677907,8.959560370157672e-05,0.0019069641130045056,0.002393498783931136
343,1,-9.664145051687717,8.914762568306884e-05,0.0019588852301239967,0.0024571672547608614
344,1,-9.67461975234638,8.870188755465349e-05,0.0019512326689437032,0.002442715922370553
345,1,-9.678344031869313,8.825837811688022e-05,0.0019061844795942307,0.0023967395536601543
346,1,-9.682787646923206,8.781708622629581e-05,0.001963075017556548,0.002467536833137274
347,1,-9.69287766031288,8.737800079516434e-05,0.0019579746294766665,0.002452306915074587
348,1,-9.69074839848515,8.694111079118851e-05,0.0019143651006743312,0.0024091333616524935
349,1,-9.70014448951704,8.650640523723257e-05,0.001919040223583579,0.002418349264189601
350,1,-9.704521248301623,8.60738732110464e-05,0.0019067381508648396,0.0023990804329514503
351,1,-9.709770468344631,8.564350384499117e-05,0.001951476908288896,0.002442763652652502
352,1,-9.712648211629316,8.521528632576621e-05,0.0019215139327570796,0.002407424384728074
353,1,-9.717760572222495,8.478920989413738e-05,0.001910130144096911,0.0024012813810259104
354,1,-9.719070761430794,8.436526384466669e-05,0.0019079860066995025,0.0023993735667318106
355,1,-9.728563628543757,8.394343752544336e-05,0.0019472824642434716,0.0024391605984419584
356,1,-9.73208723499363,8.352372033781614e-05,0.0019245758885517716,0.002404256723821163
357,1,-9.73453757930314,8.310610173612705e-05,0.0018952712416648865,0.0023852670565247536
358,1,-9.74204432746469,8.269057122744642e-05,0.0019167761784046888,0.0024153345730155706
359,1,-9.747503278499309,8.227711837130919e-05,0.0019267858006060123,0.0024195106234401464
360,1,-9.753331884584124,8.186573277945264e-05,0.001886850455775857,0.002366273198276758
361,1,-9.75628813156221,8.145640411555538e-05,0.0018982930341735482,0.0023962403647601604
362,1,-9.76314230384105,8.10491220949776e-05,0.0018892496591433883,0.002377541037276387
363,1,-9.767826616324534,8.064387648450271e-05,0.0018951258389279246,0.002391754649579525
364,1,-9.77507473437134,8.02406571020802e-05,0.0019474971340969205,0.0024489504285156727
365,1,-9.782091915855885,7.98394538165698e-05,0.001920281327329576,0.002424861304461956
366,1,-9.783630138102462,7.944025654748696e-05,0.0019546227995306253,0.002444844227284193
367,1,-9.792021167396772,7.904305526474953e-05,0.0019008780363947153,0.0023918990045785904
368,1,-9.793514600890154,7.864783998842579e-05,0.0018776585347950459,0.002367569599300623
369,1,-9.797707027179685,7.825460078848366e-05,0.0019026735099032521,0.0024015053641051054
370,1,-9.803561550640609,7.786332778454125e-05,0.0019230081234127283,0.0024092209059745073
371,1,-9.807220453174882,7.747401114561854e-05,0.0018874671077355742,0.0023769454564899206
372,1,-9.813488973108154,7.708664108989044e-05,0.0018884837627410889,0.002375636715441942
373,1,-9.817352503757899,7.6701207884441e-05,0.0019064170774072409,0.0023975211661309004
374,1,-9.821064298066545,7.631770184501878e-05,0.0018834214424714446,0.002369225025177002
375,1,-9.826259932865046,7.593611333579368e-05,0.0018755679484456778,0.002364699961617589
376,1,-9.83199988423574,7.555643276911471e-05,0.0018743015825748444,0.0023683644831180573
377,1,-9.837501057144463,7.517865060526914e-05,0.0018660491332411766,0.002343257889151573
378,1,-9.837311844062866,7.480275735224279e-05,0.0018795599462464452,0.002374084899201989
379,1,-9.844894442202074,7.442874356548158e-05,0.0018668369157239795,0.0023622342851012945
380,1,-9.850393534700395,7.405659984765417e-05,0.001891246298328042,0.0023760630283504725
381,1,-9.85390197225548,7.36863168484159e-05,0.0019105244427919388,0.0024036311078816652
382,1,-9.859532078018017,7.331788526417382e-05,0.0018746370915323496,0.002364057581871748
383,1,-9.865818313850582,7.295129583785295e-05,0.0018630125559866428,0.0023579539265483618
384,1,-9.867044992193117,7.258653935866369e-05,0.001870642532594502,0.0023634694516658783
385,1,-9.875483656586956,7.222360666187037e-05,0.0018825222505256534,0.002369972877204418
386,1,-9.877492148511568,7.186248862856102e-05,0.0018867464968934655,0.0023793019354343414
387,1,-9.884899696809965,7.150317618541821e-05,0.0018798067467287183,0.0023741857148706913
388,1,-9.88764064852417,7.114566030449112e-05,0.0018638833425939083,0.002351712668314576
389,1,-9.892637342396132,7.078993200296866e-05,0.0018803594866767526,0.0023770888801664114
390,1,-9.899299014948545,7.043598234295382e-05,0.0018678400665521622,0.002358419355005026
391,1,-9.902034469658306,7.008380243123905e-05,0.0018698771018534899,0.002367535373196006
392,1,-9.906167416207184,6.973338341908285e-05,0.0018989514792338014,0.002392673399299383
393,1,-9.911914737685516,6.938471650198743e-05,0.0018820201512426138,0.0023859667126089334
394,1,-9.91500061740857,6.90377929194775e-05,0.0018531286623328924,0.002340454375371337
395,1,-9.92163592097315,6.869260395488011e-05,0.0018628317629918456,0.0023655237164348364
396,1,-9.924992467776901,6.834914093510571e-05,0.0018761875107884407,0.002365211956202984
397,1,-9.93147482142765,6.800739523043019e-05,0.0018864020239561796,0.002377492608502507
398,1,-9.933615885395467,6.766735825427804e-05,0.0019040703773498535,0.002395894844084978
399,1,-9.93983163891713,6.732902146300664e-05,0.001879794872365892,0.0023702671751379967
400,1,-9.946454229168342,6.69923763556916e-05,0.001862185774371028,0.002353185787796974
401,1,-9.945946662844126,6.665741447391314e-05,0.0018609437393024564,0.002359006553888321
402,1,-9.953577676695408,6.632412740154358e-05,0.0018868944607675076,0.0023807664401829243
403,1,-9.958597402765262,6.599250676453585e-05,0.0018686801195144653,0.0023513738997280598
404,1,-9.960650887692651,6.566254423071317e-05,0.001867696177214384,0.002356330631300807
405,1,-9.9640328803862,6.53342315095596e-05,0.0018747462891042233,0.002370409434661269
406,1,-9.969195974068063,6.50075603520118e-05,0.0018703752430155873,0.002368901390582323
407,1,-9.977939076743167,6.468252255025174e-05,0.0018647810211405158,0.0023636508267372847
408,1,-9.980785585435854,6.435910993750048e-05,0.0018717561615630984,0.0023653602693229914
409,1,-9.982521678439008,6.403731438781298e-05,0.0019251173362135887,0.002418477786704898
410,1,-9.98698644708387,6.371712781587392e-05,0.0018662192160263658,0.0023638803977519274
411,1,-9.99375880303464,6.339854217679455e-05,0.0018690606812015176,0.002364152343943715
412,1,-9.995298668144986,6.308154946591058e-05,0.0018523333128541708,0.002338568912819028
413,1,-10.000679560371147,6.276614171858103e-05,0.0018542445031926036,0.0023356545716524124
414,1,-10.003855224907799,6.245231100998813e-05,0.0018670354038476944,0.0023599271662533283
415,1,-10.009568541582748,6.214004945493819e-05,0.001878312905319035,0.0023694282863289118
416,1,-10.013758802765567,6.18293492076635e-05,0.0018467241898179054,0.002345577348023653
417,1,-10.01783896058215,6.152020246162518e-05,0.0018510831287130713,0.002342882100492716
418,1,-10.023438954208094,6.121260144931705e-05,0.0018357153749093413,0.002322956919670105
419,1,-10.027607528549542,6.090653844207047e-05,0.0018792565679177642,0.002363255713135004
420,1,-10.031449014309622,6.0602005749860115e-05,0.0018514222465455532,0.002345512853935361
421,1,-10.034330157982916,6.029899572111081e-05,0.00183016003575176,0.002319654682651162
422,1,-10.039275359557049,5.9997500742505256e-05,0.0018373134080320597,0.0023299360182136297
423,1,-10.042656976773824,5.969751323879273e-05,0.001836917013861239,0.0023284947965294123
424,1,-10.04979003075798,5.939902567259876e-05,0.0018370780162513256,0.0023194418754428625
425,1,-10.05346409912941,5.910203054423577e-05,0.0018506619380787015,0.0023476446513086557
426,1,-10.058359087105934,5.8806520391514595e-05,0.001877705566585064,0.0023689628578722477
427,1,-10.058760806588493,5.851248778955702e-05,0.0018418922554701567,0.0023298563901335
428,1,-10.06484496222738,5.8219925350609234e-05,0.0018367754528298974,0.0023256614804267883
429,1,-10.070044877705723,5.7928825723856185e-05,0.0018352910410612822,0.002314710058271885
430,1,-10.075961822651639,5.76391815952369e-05,0.0018504830077290535,0.0023419533390551805
431,1,-10.077457997614697,5.735098568726072e-05,0.0018346505239605904,0.0023245096672326326
432,1,-10.084289250522135,5.706423075882442e-05,0.001836814102716744,0.0023377970792353153
433,1,-10.086473114255837,5.677890960503029e-05,0.0018372628837823868,0.002332979580387473
434,1,-10.09162788384998,5.649501505700514e-05,0.0018292530439794064,0.0023209145292639732
435,1,-10.098714009964073,5.6212539981720115e-05,0.0018229661509394646,0.0023124031722545624
436,1,-10.09949409048234,5.5931477281811516e-05,0.0018425654852762818,0.002326132031157613
437,1,-10.10422530209418,5.565181989540246e-05,0.0018427384784445167,0.002329304814338684
438,1,-10.109355249248969,5.5373560795925444e-05,0.0018772410694509745,0.0023654012475162745
439,1,-10.113844296381084,5.509669299194582e-05,0.0018425841117277741,0.00233610812574625
440,1,-10.117010263037551,5.482120952698609e-05,0.0018276928458362818,0.0023140707053244114
441,1,-10.119248569069018,5.454710347935116e-05,0.0018213638104498386,0.0023094043135643005
442,1,-10.124199360293737,5.42743679619544e-05,0.0018333859043195844,0.002317309845238924
443,1,-10.130293289030465,5.4002996122144625e-05,0.0018352419137954712,0.0023277844302356243
444,1,-10.13344216384961,5.37329811415339e-05,0.001839677570387721,0.0023369044065475464
445,1,-10.13718868609077,5.346431623582623e-05,0.001828109729103744,0.0023166239261627197
446,1,-10.143548297668046,5.31969946546471e-05,0.0018289840081706643,0.0023172383662313223
447,1,-10.146423873705679,5.2931009681373865e-05,0.0018372165504842997,0.002321250969544053
448,1,-10.148853139641881,5.2666354632966995e-05,0.0018349550664424896,0.002332055475562811
449,1,-10.154489818388317,5.240302285980216e-05,0.0018291635205969214,0.0023191070649772882
450,1,-10.156942282245877,5.214100774550315e-05,0.0018508328357711434,0.0023377069737762213
451,1,-10.16305830204246,5.188030270677563e-05,0.0018361842958256602,0.0023324552457779646
452,1,-10.16373343924828,5.162090119324175e-05,0.001829807530157268,0.0023215035907924175
453,1,-10.17031158931594,5.1362796687275545e-05,0.0018404452130198479,0.0023304359056055546
454,1,-10.174277201337897,5.110598270383917e-05,0.0018188745016232133,0.002309208270162344
455,1,-10.177369927702594,5.085045279031997e-05,0.0018346941797062755,0.002324111992493272
456,1,-10.17864877102122,5.059620052636837e-05,0.001814813120290637,0.002295713871717453
457,1,-10.185975992056605,5.034321952373653e-05,0.0018232674337923527,0.0023131712805479765
458,1,-10.190548994022135,5.009150342611785e-05,0.001840790850110352,0.0023230311926454306
459,1,-10.193911170225642,4.984104590898726e-05,0.0018619648180902004,0.002355289412662387
460,1,-10.197165004256904,4.959184067944232e-05,0.001843583071604371,0.002329130657017231
461,1,-10.200302811989841,4.934388147604511e-05,0.0018298281356692314,0.0023242624010890722
462,1,-10.205383156461187,4.9097162068664886e-05,0.0018074226099997759,0.002296201651915908
463,1,-10.208842467405583,4.885167625832156e-05,0.0018199202604591846,0.002313060685992241
464,1,-10.213705109647927,4.860741787702995e-05,0.0018131515244022012,0.0023033826146274805
465,1,-10.215965255096426,4.8364380787644803e-05,0.0018202263163402677,0.0023058895021677017
466,1,-10.218173056391807,4.812255888370658e-05,0.0018198295729234815,0.002303231041878462
467,1,-10.224872602870656,4.7881946089288046e-05,0.0018324945122003555,0.0023169033229351044
468,1,-10.225261572654066,4.764253635884161e-05,0.0018705171532928944,0.0023605043534189463
469,1,-10.230412853494139,4.74043236770474e-05,0.001809003297239542,0.002297444734722376
470,1,-10.231138171275177,4.7167302058662165e-05,0.0018138844752684236,0.002298099920153618
471,1,-10.239864306864199,4.693146554836885e-05,0.0018287465209141374,0.002316819503903389
472,1,-10.242792106890152,4.669680822062701e-05,0.0018105732742697,0.002295316895470023
473,1,-10.244580237977816,4.6463324179523875e-05,0.0018183101201429963,0.002294478937983513
474,1,-10.251139911408224,4.6231007558626256e-05,0.0018191719427704811,0.002302933484315872
475,1,-10.254886633924048,4.599985252083313e-05,0.0018107399810105562,0.0022958421614021063
476,1,-10.259503530897977,4.576985325822896e-05,0.0018074250547215343,0.0022944698575884104
477,1,-10.263612457329204,4.554100399193781e-05,0.001836203271523118,0.0023248589131981134
478,1,-10.265742597002065,4.531329897197812e-05,0.001809324137866497,0.00229427102021873
479,1,-10.2718683198768,4.508673247711823e-05,0.001814712188206613,0.002296122955158353
480,1,-10.272917500135415,4.486129881473264e-05,0.001816261443309486,0.002305557020008564
481,1,-10.277688908554033,4.463699232065898e-05,0.0018255956238135695,0.002308554481714964
482,1,-10.27990778519122,4.4413807359055685e-05,0.001846286584623158,0.0023248554207384586
483,1,-10.283956189842016,4.41917383222604e-05,0.0018019070848822594,0.0022848641965538263
484,1,-10.288768710215606,4.39707796306491e-05,0.0018102922476828098,0.0022964803501963615
485,1,-10.293057926345536,4.3750925732495854e-05,0.0018146578222513199,0.002297441242262721
486,1,-10.294016263545343,4.3532171103833375e-05,0.0018195699667558074,0.002306540496647358
487,1,-10.30143393687462,4.331451024831421e-05,0.001806067069992423,0.002295043785125017
488,1,-10.303106177728425,4.3097937697072636e-05,0.0018572865519672632,0.0023451673332601786
489,1,-10.307319330152467,4.2882448008587273e-05,0.0018093511462211609,0.0022885059006512165
490,1,-10.310773959867692,4.2668035768544334e-05,0.0017989458283409476,0.002286722417920828
491,1,-10.314119944705455,4.245469558970161e-05,0.0018262104131281376,0.0023079875390976667
492,1,-10.319800524881307,4.22424221117531e-05,0.0018202620558440685,0.0023125570733100176
493,1,-10.32272605675847,4.2031210001194336e-05,0.0018288668943569064,0.0023151948116719723
494,1,-10.32415200349955,4.1821053951188364e-05,0.0018110480159521103,0.0022999357897788286
495,1,-10.326701509451858,4.161194868143242e-05,0.0018013054504990578,0.0022805954795330763
496,1,-10.331408982859395,4.140388893802526e-05,0.0018066061893478036,0.002303699031472206
497,1,-10.337526184123615,4.119686949333513e-05,0.0018138118321076035,0.0023056543432176113
498,1,-10.341069551720455,4.099088514586845e-05,0.0017994066001847386,0.0022817212156951427
499,1,-10.345247229844876,4.078593072013911e-05,0.0018075581174343824,0.0022952351719141006
