step,model_id,gauss_loss,train_mse,val_mse
0,0,-3.973978668427272,0.03427729,0.035183202
1,0,-5.14900596098244,0.022514617,0.023276817
2,0,-5.480973470971614,0.016226277,0.016611936
3,0,-5.6769239215294345,0.014417214,0.014993886
4,0,-5.817949968027969,0.0116653005,0.012255268
5,0,-5.921239962521254,0.010590445,0.011187272
6,0,-6.010046035825308,0.010024305,0.010563954
7,0,-6.112131165097485,0.009459689,0.010004102
8,0,-6.195742411428478,0.008923306,0.009440834
9,0,-6.262188433072016,0.008383369,0.008921383
10,0,-6.328835525586078,0.008062169,0.008632678
11,0,-6.396551454934833,0.0077734995,0.008312659
12,0,-6.454009432944016,0.007475203,0.0079816915
13,0,-6.51327851308619,0.008252383,0.008759689
14,0,-6.552603914707889,0.0067125815,0.0072190515
15,0,-6.588438392564554,0.0064097107,0.006884619
16,0,-6.62614788616189,0.006537165,0.0070487224
17,0,-6.661706168592722,0.00625232,0.00676563
18,0,-6.700497170295727,0.006119987,0.006572982
19,0,-6.709120016902179,0.006005398,0.006488475
20,0,-6.727414405892468,0.007904576,0.008335536
21,0,-6.771773440595543,0.005746522,0.0062298593
22,0,-6.799167368571779,0.006512658,0.006948956
23,0,-6.822043266920143,0.0057292827,0.006156374
24,0,-6.848535096809703,0.0058166045,0.006269461
25,0,-6.860795387666781,0.0051201065,0.005587702
26,0,-6.883781323336607,0.0052020336,0.005663019
27,0,-6.902885557023636,0.006687238,0.007178682
28,0,-6.918661209894091,0.0050028334,0.0054959375
29,0,-6.928988448470477,0.0049403305,0.005385801
30,0,-6.951025784722732,0.0048517403,0.0053134505
31,0,-6.960638523254688,0.0048906803,0.0053501506
32,0,-6.966064489357898,0.0046556713,0.005084115
33,0,-7.000603500487293,0.0045915344,0.0050359326
34,0,-6.995058929434798,0.004992028,0.0054734857
35,0,-7.03767204712736,0.0045741242,0.004983503
36,0,-7.031281845964809,0.004696328,0.005130351
37,0,-7.067638092677003,0.0044735637,0.00492499
38,0,-7.077468820396391,0.004708038,0.0051400294
39,0,-7.099794568370343,0.004390066,0.004802916
40,0,-7.118292800888644,0.004322814,0.0047553093
41,0,-7.129084970370895,0.0042851213,0.0046802945
42,0,-7.146142929477087,0.0051251585,0.005632062
43,0,-7.159417974448196,0.004260989,0.0046981485
44,0,-7.181059755396866,0.004960099,0.0054107937
45,0,-7.157305580486507,0.004095161,0.0045415154
46,0,-7.1911905569386585,0.0040920456,0.0045102746
47,0,-7.20249739041807,0.004278833,0.0046783173
48,0,-7.234585803913435,0.0041779815,0.004565068
49,0,-7.242370949299071,0.0040056794,0.004436657
50,0,-7.255445298264905,0.0039313305,0.0043867314
51,0,-7.267281081898925,0.0038909153,0.0043463255
52,0,-7.266581978695482,0.0041957893,0.0045926506
53,0,-7.283665751524176,0.006539733,0.006903211
54,0,-7.293853470666854,0.004164811,0.004635981
55,0,-7.30732489151999,0.004001945,0.0044182483
56,0,-7.324168391470804,0.003793673,0.0041922866
57,0,-7.329021089388109,0.0039084465,0.0043339017
58,0,-7.340928808470956,0.0038264268,0.00428089
59,0,-7.3531564738208495,0.003858238,0.0043184413
60,0,-7.357769688187061,0.0038933684,0.004302357
61,0,-7.369794592562299,0.0036952598,0.0041111084
62,0,-7.370859243350749,0.0035703438,0.0039867875
63,0,-7.380809587788681,0.003827401,0.0042958986
64,0,-7.400453261283393,0.0038592166,0.0042991815
65,0,-7.386575103226515,0.0036806935,0.0040970286
66,0,-7.41724712797448,0.0038473262,0.0042481674
67,0,-7.416894653891477,0.0039676423,0.0044045956
68,0,-7.429180029685316,0.003838279,0.004291514
69,0,-7.435373313612723,0.003549637,0.0039718375
70,0,-7.455137034340064,0.0034840016,0.003900749
71,0,-7.460517200838109,0.0033845787,0.003811551
72,0,-7.461759164418193,0.003397848,0.0038327754
73,0,-7.4788344778591105,0.0034227627,0.0038766593
74,0,-7.457434362996729,0.004455841,0.004850338
75,0,-7.489396046353823,0.003450339,0.0038756235
76,0,-7.494409477836851,0.0036590172,0.0040909476
77,0,-7.5044058342322435,0.003401848,0.003838521
78,0,-7.517480455785655,0.0035352616,0.0039396705
79,0,-7.526594659463455,0.0033022221,0.0037516952
80,0,-7.536330784922725,0.0035510766,0.003983623
81,0,-7.546339405618749,0.0033500153,0.0037384871
82,0,-7.543051605768867,0.0035715972,0.0040421905
83,0,-7.563371974942623,0.0031921705,0.0036132447
84,0,-7.544554918612682,0.0035957394,0.004035864
85,0,-7.570371598760147,0.003272436,0.0036839272
86,0,-7.5649228010394705,0.003414708,0.0038512608
87,0,-7.5868806284029695,0.00336736,0.0038202277
88,0,-7.589446773052063,0.0033679898,0.0037895832
89,0,-7.603440317904273,0.0031884164,0.003622444
90,0,-7.60400505255491,0.003172371,0.0036089404
91,0,-7.620618063580268,0.0031850745,0.0035756496
92,0,-7.610211642822725,0.0032028765,0.0036265408
93,0,-7.641095087596261,0.0032460657,0.0036275117
94,0,-7.644073353168405,0.0033845627,0.0038221318
95,0,-7.65399810051681,0.0032378105,0.0036383998
96,0,-7.632941586193881,0.003023678,0.0034489678
97,0,-7.66189616075805,0.0031244329,0.0035321685
98,0,-7.652160402825721,0.0030813147,0.003523921
99,0,-7.686822860353304,0.0033258833,0.0037542065
100,0,-7.694553944727441,0.0032546076,0.0036742808
101,0,-7.694603066751688,0.0031279025,0.0035119355
102,0,-7.692032921807282,0.0030640448,0.0034739773
103,0,-7.716022866931853,0.0030358818,0.0034243648
104,0,-7.721478737558681,0.002999602,0.0034110646
105,0,-7.729840115806772,0.003034858,0.0034563756
106,0,-7.716072445001385,0.00321842,0.0036184883
107,0,-7.749399912437593,0.0057883766,0.006194257
108,0,-7.741570201046996,0.0030547478,0.0035156691
109,0,-7.738794962463183,0.0028884192,0.0033020468
110,0,-7.759484268603091,0.0029994708,0.0034408472
111,0,-7.761853993340309,0.0030281644,0.003482784
112,0,-7.760790176978666,0.002992203,0.0034260638
113,0,-7.778876964309805,0.0029212947,0.003347773
114,0,-7.763179168902975,0.002977231,0.0033832286
115,0,-7.798564027998454,0.0033203652,0.0037151265
116,0,-7.795675982646202,0.0032456547,0.0036402005
117,0,-7.79290347100833,0.0036727695,0.0040441533
118,0,-7.809027236101909,0.0029189114,0.0033375483
119,0,-7.80468407591477,0.0032464378,0.0037491538
120,0,-7.810705566987199,0.0030161121,0.0034932527
121,0,-7.815257222272525,0.002954641,0.0034011411
122,0,-7.818793492196423,0.002883672,0.0033062166
123,0,-7.829598713165753,0.0031517094,0.0035363955
124,0,-7.824855198268517,0.0029068147,0.0033624556
125,0,-7.843862470276427,0.0029759589,0.0034098607
126,0,-7.847064713095579,0.0038490058,0.0042218952
127,0,-7.838594982585069,0.002912563,0.0033311618
128,0,-7.849911562713839,0.0027547223,0.0031937603
129,0,-7.858298603484706,0.0044718497,0.004912148
130,0,-7.874548303886039,0.0030944636,0.0035539167
131,0,-7.86646644195405,0.002845642,0.0032960507
132,0,-7.856015785262538,0.0028979226,0.0033139836
133,0,-7.879571877064022,0.0030855983,0.0035087382
134,0,-7.866304185383592,0.0027044527,0.0031319626
135,0,-7.880415241777151,0.002692334,0.0031033452
136,0,-7.886882252554054,0.0027447147,0.0031715378
137,0,-7.889254597067336,0.0027332893,0.0031379932
138,0,-7.881146694995456,0.0028530979,0.0032901014
139,0,-7.893876284580653,0.0032152294,0.0036315846
140,0,-7.888753440602539,0.002968712,0.003398523
141,0,-7.909063531405347,0.0028610365,0.003303948
142,0,-7.9153620656311,0.0028264509,0.00324381
143,0,-7.903151458790379,0.0028401096,0.003270655
144,0,-7.9144355225693,0.0026932464,0.0031343198
145,0,-7.938108359211796,0.002758751,0.0031922702
146,0,-7.94300171838964,0.0028496985,0.0032670428
147,0,-7.933033104621664,0.0030930117,0.0035894534
148,0,-7.921375377394519,0.0028777432,0.0032916008
149,0,-7.932035756516281,0.002781898,0.003191082
150,0,-7.943490316104186,0.0027798268,0.0032276772
151,0,-7.936022195268724,0.002997731,0.0034714926
152,0,-7.956023028662052,0.002745927,0.0031885132
153,0,-7.948682226864104,0.002829186,0.0032750443
154,0,-7.965285019600915,0.0028382286,0.003276135
155,0,-7.965712822030163,0.0026920629,0.0031154014
156,0,-7.965788411039234,0.0026908445,0.0031302173
157,0,-7.969690989744744,0.0026718369,0.0030965907
158,0,-7.973723279776272,0.002772062,0.0032137898
159,0,-7.965045427198248,0.0028191917,0.0032547552
160,0,-7.966621110744299,0.0026936834,0.0031329105
161,0,-7.947089404699014,0.0031695873,0.0035439725
162,0,-7.979211834922514,0.0026585092,0.0030877776
163,0,-7.984031106845505,0.0027810954,0.0032123255
164,0,-7.996723634151741,0.0028032262,0.0032661296
165,0,-8.00713799098395,0.0027909833,0.0032623506
166,0,-8.001284520570266,0.003048286,0.0035007366
167,0,-7.986278670458658,0.00271121,0.0031273118
168,0,-8.0107407069963,0.0026459715,0.0031048083
169,0,-8.019606706460877,0.0027086018,0.0031468647
170,0,-8.00567183765168,0.0031303978,0.0035598434
171,0,-8.011782171023736,0.002684864,0.0031031575
172,0,-8.020095599542332,0.0027888087,0.003238014
173,0,-8.018377956880824,0.0026398934,0.0031014476
174,0,-8.024834626146752,0.0028166564,0.0032369965
175,0,-8.03139603126504,0.002768519,0.0032050814
176,0,-8.028624036977902,0.0027257404,0.0032011247
177,0,-8.027745190321081,0.0025856637,0.0030132823
178,0,-8.027369673185602,0.0030251027,0.0034452574
179,0,-8.032419725120278,0.0026349318,0.0030526246
180,0,-8.048384312063734,0.002745777,0.0031922178
181,0,-8.04997584467402,0.00268405,0.003114065
182,0,-8.042792511506125,0.0026718364,0.0031014825
183,0,-8.054731554616602,0.002670299,0.0030647584
184,0,-8.044349553302986,0.002860776,0.0032784448
185,0,-8.057963959564571,0.0027406535,0.0031730281
186,0,-8.049168084974127,0.0027646357,0.0032388023
187,0,-8.059638276089457,0.0025609718,0.0029591417
188,0,-8.06311624774034,0.002568474,0.0030233997
189,0,-8.073404742494995,0.0027522983,0.0031764566
190,0,-8.074706770587174,0.002570689,0.0030052038
191,0,-8.0649365005909,0.002694601,0.0031515555
192,0,-8.072418607477578,0.0027225285,0.0031818307
193,0,-8.057995452220412,0.0028615366,0.0032816846
194,0,-8.076199542409757,0.0026445757,0.003094597
195,0,-8.077118139000953,0.0025776464,0.0030620147
196,0,-8.084102443947017,0.0025121968,0.0029204993
197,0,-8.08901143005239,0.0025543838,0.002984848
198,0,-8.094597469273573,0.0025577082,0.0029997362
199,0,-8.08058337517066,0.002539236,0.0029766636
200,0,-8.098822790600238,0.0026040396,0.0030656646
201,0,-8.090461600396296,0.0026929434,0.0031269768
202,0,-8.102972274026873,0.0026187692,0.003042095
203,0,-8.103890125168252,0.002484791,0.0028994402
204,0,-8.118281354350744,0.0027159946,0.0031217716
205,0,-8.100336715708027,0.0025927916,0.0030706
206,0,-8.113793365769602,0.0027090143,0.003151857
207,0,-8.11741889184314,0.0024935422,0.0029491787
208,0,-8.10649674257509,0.0026177287,0.0030638005
209,0,-8.117603837086934,0.002695223,0.003132912
210,0,-8.112530390013866,0.0024348772,0.0028678451
211,0,-8.110938173564973,0.0024497237,0.0029115658
212,0,-8.120866699989273,0.002623975,0.0030668527
213,0,-8.13109894187147,0.0024698172,0.002894601
214,0,-8.135864821027662,0.0025085986,0.0029329096
215,0,-8.126795680678093,0.0024347005,0.0028608812
216,0,-8.135276976056725,0.002694632,0.0030743692
217,0,-8.13790083726502,0.0025531775,0.0029758378
218,0,-8.144090609200378,0.0024769953,0.0029169891
219,0,-8.138485700895329,0.002612976,0.0030628566
220,0,-8.148794656382345,0.0024830634,0.0028729457
221,0,-8.134623965379252,0.0025795496,0.00301063
222,0,-8.145012952303725,0.002490956,0.0029210162
223,0,-8.147830815909956,0.0027819916,0.0032188608
224,0,-8.153121126351659,0.0025289187,0.002950786
225,0,-8.137342422120883,0.0025504516,0.0029790136
226,0,-8.149991612435915,0.0025645022,0.002964711
227,0,-8.156416408065498,0.0026208744,0.0030811557
228,0,-8.161393911496841,0.0025458497,0.0029781903
229,0,-8.148305814210403,0.0024465162,0.0029002975
230,0,-8.15498965074711,0.0023811327,0.0028043832
231,0,-8.163053283862633,0.0027050818,0.0031513388
232,0,-8.166531277987085,0.0027456516,0.0031432244
233,0,-8.160676242526275,0.0028379804,0.0032528483
234,0,-8.164210137895912,0.002541723,0.0030027337
235,0,-8.160776761450345,0.0023611046,0.0027966083
236,0,-8.18025682262214,0.0026153584,0.003047046
237,0,-8.172825572046571,0.003003411,0.003453237
238,0,-8.176870059875313,0.0024915885,0.0029140452
239,0,-8.180235093585495,0.0026241606,0.003009173
240,0,-8.183272455624564,0.0026471168,0.0031130505
241,0,-8.18004419284587,0.002468705,0.0028934472
242,0,-8.174481441593201,0.0024774673,0.002901917
243,0,-8.183459431898063,0.0023659174,0.0027925423
244,0,-8.18265262205045,0.002443716,0.0028793637
245,0,-8.171987873883383,0.0027138598,0.0031167252
246,0,-8.191684759897695,0.0025781784,0.002988996
247,0,-8.194465533094782,0.0023740535,0.0027817742
248,0,-8.189669963448962,0.0024461432,0.002876001
249,0,-8.196394336647849,0.0024468561,0.0028832718
250,0,-8.197501240651093,0.0023813522,0.0028219065
251,0,-8.200667367680174,0.0025010714,0.0029128825
252,0,-8.203062017287303,0.0024406314,0.002895543
253,0,-8.209406202364594,0.0024036048,0.002814003
254,0,-8.21022125527277,0.002348843,0.0027769601
255,0,-8.214046151411003,0.002438954,0.002854649
256,0,-8.202666917264596,0.002455007,0.0028986076
257,0,-8.218269224157698,0.0025114475,0.0029586698
258,0,-8.21094770666956,0.0026639684,0.003089674
259,0,-8.212421855853131,0.0024911317,0.002921319
260,0,-8.216763011917697,0.0024645198,0.0029009914
261,0,-8.222867119193804,0.0024993054,0.0029730413
262,0,-8.215040309798377,0.0024258848,0.0029121942
263,0,-8.226729026701483,0.0025986303,0.0030567015
264,0,-8.218674417411949,0.002543317,0.003006854
265,0,-8.226817385895812,0.0023853495,0.002833302
266,0,-8.227693406233767,0.0025673867,0.0029524064
267,0,-8.227492360435797,0.0024257961,0.0028813025
268,0,-8.231241022863996,0.0023227371,0.0027800724
269,0,-8.218001156825597,0.0022238833,0.0026157054
270,0,-8.229535294863306,0.0024330532,0.0027925372
271,0,-8.222337404173436,0.0023533541,0.0027729697
272,0,-8.219368731451937,0.0026206276,0.0030263579
273,0,-8.234805863421098,0.0027125892,0.0031346306
274,0,-8.243885547696646,0.0023947903,0.0028235468
275,0,-8.238803203230525,0.0024391315,0.0028625743
276,0,-8.239954548334609,0.0024556965,0.0028973015
277,0,-8.237949129173717,0.0029312603,0.003398662
278,0,-8.244464335819206,0.0023315633,0.0027866228
279,0,-8.236941531439093,0.0025903685,0.0030230123
280,0,-8.240900511006279,0.0025140303,0.0029627476
281,0,-8.244786828632117,0.002405059,0.0028573317
282,0,-8.240209688166464,0.0022579504,0.0026621667
283,0,-8.25164159103325,0.0023240808,0.0027904997
284,0,-8.248786532294105,0.002406361,0.0028518583
285,0,-8.259236595652814,0.0022052194,0.00261771
286,0,-8.24771416787346,0.0024212934,0.0028326574
287,0,-8.259457327991619,0.003132365,0.0035668302
288,0,-8.256868618044496,0.0024766228,0.002926104
289,0,-8.264260911834512,0.0026820113,0.0031053952
290,0,-8.262310502314346,0.004103883,0.0045402725
291,0,-8.257033208196994,0.0024644039,0.0029275226
292,0,-8.265532926857261,0.0025016877,0.0029328396
293,0,-8.26634860214571,0.0025057313,0.0029507736
294,0,-8.260208393144623,0.0024702915,0.0029114985
295,0,-8.268154216141378,0.0025043557,0.0029650712
296,0,-8.286306382601518,0.0021661012,0.0026010724
297,0,-8.273633599931058,0.0024018036,0.0028416682
298,0,-8.270311809495766,0.0027197495,0.0031584762
299,0,-8.2714872479477,0.0021928686,0.0026256298
300,0,-8.273251809306387,0.0022452243,0.0026737142
301,0,-8.26863274753151,0.0022617895,0.0026763533
302,0,-8.281502284618401,0.0022532279,0.0026750683
303,0,-8.272367171654146,0.0023081594,0.0027325058
304,0,-8.286163796977991,0.002449567,0.0028856234
305,0,-8.295025729643836,0.0024120368,0.0028786787
306,0,-8.295920638022952,0.0026037258,0.0028778655
307,0,-8.27790728162672,0.0023028085,0.002729291
308,0,-8.291072360366229,0.0029460557,0.003381615
309,0,-8.277386399330563,0.0022337236,0.0026275541
310,0,-8.284691056749613,0.0023637048,0.0027542007
311,0,-8.29425830235654,0.0024901463,0.0028716242
312,0,-8.300517409686364,0.002342338,0.002791448
313,0,-8.28939101053148,0.0023174968,0.0027593658
314,0,-8.302069732950986,0.0026034366,0.0030419282
315,0,-8.30540702174053,0.0022235997,0.0026568435
316,0,-8.30280946638004,0.0022059064,0.002645791
317,0,-8.290294884488766,0.0023587956,0.002807429
318,0,-8.288290032212188,0.0022605034,0.002706965
319,0,-8.309610478118964,0.002342203,0.0028199444
320,0,-8.295696544280302,0.002155273,0.0025814835
321,0,-8.30887628939336,0.00223496,0.0026829727
322,0,-8.303402401232193,0.0023222938,0.0027570212
323,0,-8.29982347433366,0.0025344302,0.0029961779
324,0,-8.3064291286866,0.0022657693,0.002723867
325,0,-8.30296226432974,0.0024690556,0.0028895899
326,0,-8.314903574824601,0.0023790202,0.0028072726
327,0,-8.304822621952459,0.002288197,0.0027130125
328,0,-8.322364177104562,0.0023938133,0.0028117844
329,0,-8.311797327779738,0.002264514,0.002717699
330,0,-8.320659216568615,0.0023300643,0.002770425
331,0,-8.320812242005871,0.002437172,0.002916815
332,0,-8.32464552995829,0.002243715,0.0026573795
333,0,-8.32211319885792,0.0029547866,0.0033976063
334,0,-8.32127273812742,0.002358568,0.0027869134
335,0,-8.322602019014937,0.002391326,0.0028494196
336,0,-8.317090812345544,0.002293762,0.002724678
337,0,-8.321045853228629,0.0023877139,0.002829445
338,0,-8.320105371355972,0.002185732,0.002641514
339,0,-8.316795723833462,0.0021686156,0.0025974608
340,0,-8.319297403737343,0.0024040025,0.0028394181
341,0,-8.329135215981873,0.0023020795,0.0027614736
342,0,-8.327398205690178,0.0022317488,0.0026567802
343,0,-8.312432332847623,0.0022819473,0.002722675
344,0,-8.333997399732828,0.002332281,0.0028102188
345,0,-8.322648181713479,0.002259664,0.0027291854
346,0,-8.340716844646163,0.0022195315,0.0026240526
347,0,-8.339510749035364,0.0024595167,0.002928158
348,0,-8.33619536815373,0.002222199,0.0027034893
349,0,-8.336116251100062,0.0025125116,0.0029591809
350,0,-8.319423078993797,0.0022866714,0.0027386446
351,0,-8.334482914746362,0.002338784,0.0027718544
352,0,-8.33989432913709,0.002118734,0.0025817256
353,0,-8.341791342068422,0.0023431506,0.002799592
354,0,-8.33366881841725,0.0022358035,0.002681293
355,0,-8.34461034020769,0.0021624195,0.002583726
356,0,-8.33216804371082,0.0022825038,0.0026897988
357,0,-8.348017622546227,0.0021645115,0.0026341858
358,0,-8.34425246421249,0.0023127473,0.0027847956
359,0,-8.340899689146324,0.0027016841,0.003215288
360,0,-8.341582067580742,0.0022656093,0.0027369752
361,0,-8.349535883982696,0.0023290918,0.0027791513
362,0,-8.35233741297329,0.0022707945,0.0027235849
363,0,-8.342904656848376,0.0020897877,0.002522689
364,0,-8.341555359349032,0.00239063,0.002860878
365,0,-8.35708852332538,0.0024862282,0.0029779954
366,0,-8.35066741183233,0.002219066,0.002623242
367,0,-8.358145915915394,0.0023245178,0.0027806147
368,0,-8.355490497688178,0.0020529379,0.0024945599
369,0,-8.345488220501037,0.0023284408,0.0027836445
370,0,-8.359085474231374,0.0023398139,0.0028038155
371,0,-8.348171244373916,0.0022040673,0.0026122802
372,0,-8.367445519200576,0.0022272954,0.0026590426
373,0,-8.362087527388523,0.0022186323,0.0026730103
374,0,-8.35572491306722,0.0022390282,0.0025795922
375,0,-8.362063622696349,0.0022439603,0.0027060085
376,0,-8.361643923135398,0.0023325034,0.002794806
377,0,-8.367235472355947,0.0022141775,0.002650962
378,0,-8.366373553647565,0.002248418,0.0027350485
379,0,-8.36251369658553,0.0024090465,0.002870243
380,0,-8.358194866865329,0.0022947502,0.0027476344
381,0,-8.37730575777392,0.002389143,0.0028566385
382,0,-8.370988202958811,0.0020614716,0.0024721061
383,0,-8.360969616687234,0.0023281951,0.002778434
384,0,-8.374729056051045,0.0023226843,0.0027565311
385,0,-8.373096509941421,0.0022032906,0.0026305185
386,0,-8.36933978500562,0.00261192,0.0030577749
387,0,-8.370546238206067,0.0021887731,0.002628357
388,0,-8.377399086073142,0.0024166498,0.0028564131
389,0,-8.372722372255023,0.0023317214,0.0028229954
390,0,-8.37317207066743,0.0022002817,0.0026483615
391,0,-8.371813047004839,0.0021529833,0.0025979292
392,0,-8.37592576734146,0.0023120842,0.0027663566
393,0,-8.375132341345138,0.002363879,0.0028112016
394,0,-8.370086347647835,0.0021677434,0.0025998594
395,0,-8.378842632676516,0.0022775978,0.0027038103
396,0,-8.375491792477641,0.0024405979,0.002939411
397,0,-8.385304609373923,0.0022336715,0.0027077408
398,0,-8.383805343454256,0.0022903911,0.0027630874
399,0,-8.38593846614944,0.0022171107,0.0026564824
400,0,-8.384546792977282,0.0022015062,0.002644523
401,0,-8.385711265244748,0.002249962,0.0027297065
402,0,-8.383354532370854,0.0022071889,0.0026472507
403,0,-8.390220480799943,0.002498504,0.0029530271
404,0,-8.39020919417601,0.0021573706,0.002639455
405,0,-8.395159527520867,0.0023017835,0.0027769292
406,0,-8.390983085595632,0.002411983,0.0027982674
407,0,-8.394448888955418,0.0024937596,0.0029660873
408,0,-8.394239977408235,0.0024778228,0.0028923766
409,0,-8.397801291908198,0.0022312559,0.0026860316
410,0,-8.388663025764595,0.0022936917,0.0027625875
411,0,-8.397155706987201,0.0020885954,0.0025426806
412,0,-8.391099103791243,0.0023083596,0.0028132577
413,0,-8.396400325838744,0.0021318167,0.002563051
414,0,-8.398187613785362,0.0020888634,0.0025600395
415,0,-8.406188554510011,0.0020754908,0.0025473826
416,0,-8.391472122538506,0.002172579,0.0026036398
417,0,-8.399979315724423,0.002522143,0.0029740212
418,0,-8.403329455114855,0.0021844502,0.002640293
419,0,-8.398072294563619,0.0022288393,0.0026399882
420,0,-8.399134402169597,0.0025129344,0.0029374063
421,0,-8.41496444168898,0.002090153,0.0025473242
422,0,-8.407645884138072,0.0022004456,0.002696922
423,0,-8.407053668898778,0.0020738076,0.002517547
424,0,-8.40922899359348,0.0020993983,0.002550405
425,0,-8.405086219826735,0.002102733,0.0025702512
426,0,-8.410536653378637,0.0021492373,0.0025935927
427,0,-8.397167257331587,0.0025166702,0.002940871
428,0,-8.410953705644868,0.002222305,0.0026751459
429,0,-8.3987834628632,0.002441185,0.0029096848
430,0,-8.410964895341976,0.0021753726,0.0026439272
431,0,-8.414999398484984,0.0021740184,0.0026495855
432,0,-8.40805255850755,0.002050515,0.0024998668
433,0,-8.403168789428486,0.0024832382,0.0029089435
434,0,-8.421466332209649,0.0022845338,0.0027134044
435,0,-8.409659700005358,0.0020043554,0.0024309051
436,0,-8.426637231405442,0.0023589712,0.0027946595
437,0,-8.413297015682708,0.002314935,0.002816955
438,0,-8.430121194785052,0.0020621582,0.0025024056
439,0,-8.429564591132895,0.0020185122,0.0024702838
440,0,-8.419370229751035,0.0023296808,0.0028260248
441,0,-8.424968207788298,0.0027322124,0.0031482233
442,0,-8.425607928177913,0.0022317257,0.0026818926
443,0,-8.426388036826362,0.00208327,0.0025279762
444,0,-8.42348529391275,0.0023541974,0.0027288706
445,0,-8.42133957975069,0.0024036486,0.0028474645
446,0,-8.420748950044633,0.0021193142,0.0025665965
447,0,-8.43159512122039,0.002201274,0.0026342315
448,0,-8.426395453562833,0.0023337149,0.0028169404
449,0,-8.429068623463593,0.0021907713,0.0026196048
450,0,-8.426918242748979,0.0020089874,0.0024524154
451,0,-8.432456918846686,0.0020668388,0.0025392433
452,0,-8.430713894199814,0.0024232564,0.0029222395
453,0,-8.434794316348375,0.0023809697,0.0028576874
454,0,-8.439280583484695,0.0024185602,0.0029326521
455,0,-8.43039653453356,0.0021800734,0.00264463
456,0,-8.433369594034609,0.0020898294,0.002506839
457,0,-8.441937374128443,0.0021038486,0.0025114322
458,0,-8.432100646883374,0.00226549,0.002747469
459,0,-8.439491541808367,0.002261386,0.0027274415
460,0,-8.431559556262085,0.0020122586,0.0024758368
461,0,-8.442917704849757,0.002107488,0.0025680074
462,0,-8.430743847186843,0.0022326685,0.0027325705
463,0,-8.426097461526766,0.0021298535,0.0025605701
464,0,-8.44933310071793,0.002170997,0.0026220388
465,0,-8.448203086700145,0.0022041732,0.0026649833
466,0,-8.453120423341723,0.0023052015,0.0027481527
467,0,-8.452041818912917,0.0023497913,0.0027460381
468,0,-8.4451892972948,0.0022148013,0.0026988615
469,0,-8.437502712116443,0.0022698403,0.0027038527
470,0,-8.448882988761273,0.0021308742,0.0025525244
471,0,-8.447725675625081,0.0020516955,0.0025193412
472,0,-8.450413056465631,0.0020719566,0.0025255347
473,0,-8.446153728653888,0.0022060128,0.0026889066
474,0,-8.449438515210923,0.0036511119,0.0041243006
475,0,-8.44691088964787,0.002238285,0.0026871667
476,0,-8.456424009268694,0.002119476,0.0025576681
477,0,-8.458411775823203,0.0021405383,0.0026108613
478,0,-8.45169655777545,0.0020592415,0.0024955752
479,0,-8.452051669521644,0.0022236188,0.0026954934
480,0,-8.451285146680846,0.0021549696,0.002567075
481,0,-8.456743592901006,0.002442446,0.0028776645
482,0,-8.451793165228313,0.002505596,0.00299837
483,0,-8.446659511616307,0.002125816,0.002557844
484,0,-8.451796205734052,0.0023615237,0.0028321662
485,0,-8.462328344707727,0.0020932339,0.002548807
486,0,-8.461055490977492,0.0020485318,0.002512889
487,0,-8.456563563253605,0.0020918322,0.0025575815
488,0,-8.469441294784765,0.0020731003,0.0025526218
489,0,-8.461763861088388,0.0021686389,0.0026219778
490,0,-8.466574849131476,0.002082628,0.0025426114
491,0,-8.45993699458747,0.0020675233,0.0025232993
492,0,-8.466316974709606,0.002090696,0.0025327115
493,0,-8.45894788541485,0.00198608,0.002431334
494,0,-8.467164468902853,0.0021126696,0.0025728855
495,0,-8.465288429621054,0.0019903556,0.002432082
496,0,-8.453820976166819,0.0020021808,0.0024453888
497,0,-8.465961875652571,0.0020019836,0.002468042
498,0,-8.461294215778082,0.002068267,0.0025355916
499,0,-8.464571266687997,0.002246379,0.0027455434
0,1,-4.01818702195548,0.03296023607254028,0.03382951393723488
1,1,-5.208897665396223,0.021280033513903618,0.022043844684958458
2,1,-5.547998209112766,0.015614996664226055,0.016244450584053993
3,1,-5.716449147426536,0.012880060821771622,0.013535264879465103
4,1,-5.846122124593355,0.011546481400728226,0.012162236496806145
5,1,-5.930674664444479,0.010762971825897694,0.01125730574131012
6,1,-6.037661333503001,0.009995527565479279,0.010512546636164188
7,1,-6.130594193763403,0.009594360366463661,0.010081772692501545
8,1,-6.194771693738159,0.008931677788496017,0.009451190009713173
9,1,-6.254655411320644,0.008223474025726318,0.00872106570750475
10,1,-6.32051284728275,0.007807545829564333,0.008295472711324692
11,1,-6.366931570994239,0.007330713793635368,0.007791189476847649
12,1,-6.427036647117838,0.008013010025024414,0.008458862081170082
13,1,-6.474047655476787,0.007617757190018892,0.008157484233379364
14,1,-6.514037584027789,0.006752511952072382,0.007237758953124285
15,1,-6.545880493960269,0.00662331422790885,0.007119519170373678
16,1,-6.5970866618228285,0.006248804274946451,0.006745429709553719
17,1,-6.606675496274136,0.0061469669453799725,0.006594529375433922
18,1,-6.670528047090159,0.005991275887936354,0.006455675233155489
19,1,-6.690105103269224,0.005853672046214342,0.006294100545346737
20,1,-6.729849586046518,0.0060405670665204525,0.006520030554383993
21,1,-6.747966329116553,0.0056841070763766766,0.006181544158607721
22,1,-6.7785939402823345,0.007236558012664318,0.007747266441583633
23,1,-6.797301301286556,0.005280537996441126,0.005719310138374567
24,1,-6.815864890460289,0.00521540641784668,0.00571881327778101
25,1,-6.802549962700847,0.006029874552041292,0.006484863348305225
26,1,-6.859952418610773,0.005275348201394081,0.005700637586414814
27,1,-6.878481103121069,0.0050499336794018745,0.005537701770663261
28,1,-6.906537539838942,0.004882216453552246,0.005332128144800663
29,1,-6.90978891951184,0.004931754432618618,0.005387219600379467
30,1,-6.94991767127455,0.004805350676178932,0.005289948545396328
31,1,-6.965146973026835,0.00465379236266017,0.005103521514683962
32,1,-6.976254114320394,0.00581944128498435,0.006314593832939863
33,1,-6.991800977389527,0.005312805064022541,0.005669184494763613
34,1,-7.028815103288108,0.004670859780162573,0.005077776033431292
35,1,-7.043302997865521,0.004633712116628885,0.005055929534137249
36,1,-7.0710357388994485,0.004778748843818903,0.005234267562627792
37,1,-7.083889375859707,0.004497143905609846,0.004974049516022205
38,1,-7.106085480539873,0.0042572407983243465,0.004724091850221157
39,1,-7.115619934916152,0.004178653471171856,0.0046537211164832115
40,1,-7.135671684702989,0.004499038215726614,0.004930400755256414
41,1,-7.1441122806007265,0.00450190668925643,0.0049919369630515575
42,1,-7.128463901209121,0.004139531869441271,0.00454995222389698
43,1,-7.161422844459017,0.00439366465434432,0.004878900479525328
44,1,-7.18708769225585,0.00405522808432579,0.004494720138609409
45,1,-7.194277450112663,0.004138629883527756,0.00458929780870676
46,1,-7.19442203817707,0.004380957223474979,0.004813764709979296
47,1,-7.220065697067325,0.005446543451398611,0.005911989137530327
48,1,-7.226079587639812,0.00409627566114068,0.0045359209179878235
49,1,-7.243933414717293,0.004072158131748438,0.004555102437734604
50,1,-7.249321563765956,0.0038933726027607918,0.00432378938421607
51,1,-7.251512514776662,0.003845773870125413,0.00427880696952343
52,1,-7.27020555904715,0.003935994580388069,0.004387729335576296
53,1,-7.274036226306217,0.003724320326000452,0.004144786857068539
54,1,-7.291949300438825,0.003979723900556564,0.004431611858308315
55,1,-7.298441131208982,0.00423514936119318,0.004699602723121643
56,1,-7.316281060447827,0.0037945774383842945,0.00427958695217967
57,1,-7.319477394247101,0.004272038117051125,0.004701961297541857
58,1,-7.328328981885699,0.0036456247325986624,0.004080792423337698
59,1,-7.337428838712124,0.0037355246022343636,0.004164299461990595
60,1,-7.35706320096377,0.0037011681124567986,0.00415073661133647
61,1,-7.358230261207964,0.003677620552480221,0.004123600199818611
62,1,-7.375514220182389,0.0036443339195102453,0.004079069010913372
63,1,-7.378104540735301,0.0036534403916448355,0.0040946658700704575
64,1,-7.38146609409989,0.003505054162815213,0.0039259083569049835
65,1,-7.396700400731318,0.0036715806927531958,0.004131326451897621
66,1,-7.40906578579481,0.003618440590798855,0.004056375939399004
67,1,-7.407953720973371,0.0036438556853681803,0.004104075953364372
68,1,-7.423277229481532,0.003377264365553856,0.0037905327044427395
69,1,-7.438572787749305,0.003793309908360243,0.004296205472201109
70,1,-7.439917186316331,0.0033095928374677896,0.0037663171533495188
71,1,-7.446444171863934,0.0034691989421844482,0.003931140992790461
72,1,-7.4586279507667905,0.003476714948192239,0.0038896400947123766
73,1,-7.463653751579987,0.00356465601362288,0.003996310289949179
74,1,-7.455249785153902,0.003416224382817745,0.00387469376437366
75,1,-7.460906765024491,0.003268074244260788,0.0037139817140996456
76,1,-7.477123329906213,0.003572907531633973,0.00400910759344697
77,1,-7.493809188470966,0.00367915746755898,0.0041870479471981525
78,1,-7.502086311779408,0.0033068805932998657,0.0037798983976244926
79,1,-7.501759437690678,0.003310070838779211,0.00373622914776206
80,1,-7.51542694762029,0.0034090718254446983,0.0038862060755491257
81,1,-7.511314674920476,0.0033827293664216995,0.0038397961761802435
82,1,-7.5234154043537025,0.003404289484024048,0.003876497969031334
83,1,-7.524854342193701,0.0033363972324877977,0.00376701052300632
84,1,-7.5360752963683435,0.0033873184584081173,0.003818078897893429
85,1,-7.5384618024407155,0.003310296917334199,0.0037871492095291615
86,1,-7.542594827264882,0.0033995886333286762,0.0038757282309234142
87,1,-7.568226960271779,0.0032453315798193216,0.0037173740565776825
88,1,-7.577425589657778,0.003277070354670286,0.0037303785793483257
89,1,-7.578449962765179,0.0031617460772395134,0.003608894534409046
90,1,-7.5917876920244485,0.0033658959437161684,0.0038584060966968536
91,1,-7.593191471112084,0.003280527424067259,0.003741856664419174
92,1,-7.607534148059392,0.0031387819908559322,0.0035876522306352854
93,1,-7.605114295338162,0.00382015248760581,0.0042336429469287395
94,1,-7.612307049670866,0.003071575192734599,0.0035230740904808044
95,1,-7.622150185705187,0.003260298864915967,0.003686298616230488
96,1,-7.615986236512336,0.0035405687522143126,0.004024190362542868
97,1,-7.637199128350603,0.0032376013696193695,0.0036898311227560043
98,1,-7.637897278644138,0.003123932983726263,0.0035557341761887074
99,1,-7.645454668624159,0.003055530833080411,0.003481906373053789
100,1,-7.658347314655417,0.002972954884171486,0.0034317646641284227
101,1,-7.66635530810587,0.0033305299002677202,0.0037841834127902985
102,1,-7.666559728761253,0.003096042899414897,0.0035043656826019287
103,1,-7.685507241408387,0.0033534388057887554,0.0038296959828585386
104,1,-7.68686760507665,0.0030521866865456104,0.003532367292791605
105,1,-7.692114972349694,0.0031307977624237537,0.0035979123786091805
106,1,-7.692139109421633,0.002991486806422472,0.00343488622456789
107,1,-7.6848569874887325,0.0033851407933980227,0.0038464071694761515
108,1,-7.708162548068855,0.0031418711878359318,0.0035943882539868355
109,1,-7.7159804808631005,0.002986982697620988,0.00343702151440084
110,1,-7.719058960513757,0.0030815599020570517,0.0035249502398073673
111,1,-7.732730814569002,0.003662486793473363,0.0040680053643882275
112,1,-7.72925151284974,0.0030884365551173687,0.0035590047482401133
113,1,-7.734019122012115,0.002947349101305008,0.003381782677024603
114,1,-7.738926723317559,0.00281524402089417,0.003249337198212743
115,1,-7.758078419806751,0.003040194744244218,0.0034611562732607126
116,1,-7.768208654311346,0.003057988127693534,0.0035225157625973225
117,1,-7.751961541428097,0.0033113460522145033,0.00374708604067564
118,1,-7.769006613547621,0.003088633995503187,0.003580567892640829
119,1,-7.769299892402299,0.0033894239459186792,0.0038418928161263466
120,1,-7.790646795050844,0.0033187693916261196,0.0038012368604540825
121,1,-7.779613954128841,0.002839963184669614,0.0033173311967402697
122,1,-7.79902329480048,0.0029261333402246237,0.0033695341553539038
123,1,-7.807395842106689,0.0029430908616632223,0.0033729542046785355
124,1,-7.817038653790473,0.002896062098443508,0.00338385091163218
125,1,-7.8116535366861894,0.0029932111501693726,0.0034819806460291147
126,1,-7.8147380753334,0.002899943385273218,0.003347882302477956
127,1,-7.830568470760736,0.003008546307682991,0.0034501648042351007
128,1,-7.828145243029214,0.0028803490567952394,0.003300468670204282
129,1,-7.841406820522894,0.0030499857384711504,0.003497300436720252
130,1,-7.845262724835737,0.0030351043678820133,0.003483190666884184
131,1,-7.843694643165562,0.002895388985052705,0.003328345948830247
132,1,-7.848737518234718,0.003489469178020954,0.0039315493777394295
133,1,-7.846757248832309,0.0029966398142278194,0.003448108211159706
134,1,-7.864591215695659,0.0028722272254526615,0.003340445226058364
135,1,-7.847887960600906,0.0030256977770477533,0.0034632859751582146
136,1,-7.875493775961223,0.0028987594414502382,0.0033777726348489523
137,1,-7.882717095571055,0.002848900854587555,0.0032712107058614492
138,1,-7.875581039454395,0.003094893880188465,0.0035285991616547108
139,1,-7.888024780833595,0.00301929609850049,0.0034311057534068823
140,1,-7.881778365260861,0.002748147351667285,0.003177173901349306
141,1,-7.888898923329032,0.0027983742766082287,0.0032291105017066
142,1,-7.887715438880688,0.002675943076610565,0.003147504758089781
143,1,-7.895637129239066,0.002931504976004362,0.0034225054550915956
144,1,-7.903725402100647,0.002853024983778596,0.0032963186968117952
145,1,-7.898860989644307,0.0030014668591320515,0.003415145445615053
146,1,-7.906250782294241,0.0030139717273414135,0.0034994366578757763
147,1,-7.915504824622161,0.002831786870956421,0.0032926215790212154
148,1,-7.9259349438348385,0.0029814355075359344,0.003428518772125244
149,1,-7.927286389012411,0.00375636899843812,0.004174361005425453
150,1,-7.940670335548893,0.0027996483258903027,0.0032505642157047987
151,1,-7.94469810762861,0.0027594403363764286,0.003191935131326318
152,1,-7.936862386163514,0.003084646537899971,0.003482103580608964
153,1,-7.937836761388996,0.0028664006385952234,0.0033588914666324854
154,1,-7.9420536266912745,0.0027216451708227396,0.0031844915356487036
155,1,-7.945432708675413,0.002898226724937558,0.003351297928020358
156,1,-7.949198715195284,0.002837687497958541,0.003249086206778884
157,1,-7.964540989898114,0.002920882310718298,0.0033795309718698263
158,1,-7.969550003413781,0.0027857439126819372,0.003198377089574933
159,1,-7.971432181496237,0.002762841060757637,0.003228808520361781
160,1,-7.973720018051114,0.0026688214857131243,0.003131656441837549
161,1,-7.959995430300885,0.0026777246966958046,0.0031361044384539127
162,1,-7.98014482820443,0.0027432956267148256,0.0031812337692826986
163,1,-7.9662837806364095,0.002751848893240094,0.0031998585909605026
164,1,-7.971726976552427,0.002598927356302738,0.0030446783639490604
165,1,-7.97552948786915,0.002843437483534217,0.003254490438848734
166,1,-7.985442498816478,0.0027461200952529907,0.003198995254933834
167,1,-7.990058880427129,0.002895345678552985,0.0033238697797060013
168,1,-7.978231684142636,0.0026360475458204746,0.0030934514943510294
169,1,-7.999057315564683,0.002538659842684865,0.0029779686592519283
170,1,-7.997044748127097,0.0027984599582850933,0.0032551304902881384
171,1,-7.995284237208829,0.002519444329664111,0.0029455642215907574
172,1,-8.011882623291505,0.0028578287456184626,0.003332029329612851
173,1,-8.006011867645498,0.0028219923842698336,0.0032866571564227343
174,1,-8.011138657340258,0.00251546292565763,0.0029410754796117544
175,1,-8.005787049244901,0.0030334435869008303,0.0034567080438137054
176,1,-8.007262901374643,0.0036018670070916414,0.004021783825010061
177,1,-8.019903788240953,0.002646001521497965,0.0031047433149069548
178,1,-8.025548335335582,0.0026246365159749985,0.0030647204257547855
179,1,-8.024876017416085,0.0026792464777827263,0.003129054792225361
180,1,-8.028722754500164,0.002580068539828062,0.003048058832064271
181,1,-8.037810605701326,0.0027793538756668568,0.0032212415244430304
182,1,-8.051809266883236,0.0027675966266542673,0.003257643897086382
183,1,-8.031573394813305,0.0033189058303833008,0.0037511156406253576
184,1,-8.044842515629275,0.0026090815663337708,0.0030589725356549025
185,1,-8.036573124604564,0.0024412248749285936,0.0028681273106485605
186,1,-8.051088970645417,0.002544051967561245,0.002985249273478985
187,1,-8.048290363065934,0.002588520757853985,0.0030427947640419006
188,1,-8.053418305333741,0.0027858344838023186,0.0032348406966775656
189,1,-8.072359716024641,0.002716158051043749,0.0031657456420361996
190,1,-8.069124331417738,0.0026308654341846704,0.00308723165653646
191,1,-8.066850563928691,0.002637853380292654,0.0030885888263583183
192,1,-8.066828374718963,0.002839962486177683,0.0032611277420073748
193,1,-8.072398167842854,0.0027338217478245497,0.003198035294190049
194,1,-8.063296867662915,0.0024002171121537685,0.0028476330917328596
195,1,-8.088562894608968,0.002716122893616557,0.003174747806042433
196,1,-8.078313673563056,0.0026301590260118246,0.0031256803777068853
197,1,-8.090246652784773,0.0025517805479466915,0.0030091670341789722
198,1,-8.08926032055032,0.0024954695254564285,0.002953524701297283
199,1,-8.090020580450744,0.002952967770397663,0.00346245220862329
200,1,-8.091973057997919,0.002677984070032835,0.003146192990243435
201,1,-8.083061022267735,0.002439273288473487,0.0028958250768482685
202,1,-8.09031945552991,0.002533696824684739,0.0029679283034056425
203,1,-8.085831385310088,0.002523495815694332,0.0029855791945010424
204,1,-8.089663575268128,0.0026566998567432165,0.0031285041477531195
205,1,-8.098738472826323,0.0026445069815963507,0.0031149929855018854
206,1,-8.102046969457481,0.0024940066505223513,0.002954686526209116
207,1,-8.105313434551908,0.0025923929642885923,0.003029205836355686
208,1,-8.108448556616889,0.0024787660222500563,0.002938593039289117
209,1,-8.118667090844939,0.0029165849555283785,0.0034139305353164673
210,1,-8.124054058425967,0.0024686248507350683,0.00292586674913764
211,1,-8.114745572730111,0.0025369201321154833,0.0030034412629902363
212,1,-8.120898680336852,0.0024281262885779142,0.002864343812689185
213,1,-8.117052361689229,0.002465987578034401,0.002924729138612747
214,1,-8.138220862877526,0.002330739749595523,0.002768581733107567
215,1,-8.136312392553712,0.0027975121047347784,0.003320955904200673
216,1,-8.131609912406331,0.002655823715031147,0.0030766006093472242
217,1,-8.128280776630193,0.0023176386021077633,0.002770125400274992
218,1,-8.132484288963227,0.002501320792362094,0.0029523910488933325
219,1,-8.144002979709079,0.002488591941073537,0.0029249927029013634
220,1,-8.140045958552921,0.0025270564947277308,0.002990241628140211
221,1,-8.144025563352878,0.002751253778114915,0.0032190801575779915
222,1,-8.142252757557694,0.002524163108319044,0.0029624495655298233
223,1,-8.147498467901878,0.002360137877985835,0.0028163932729512453
224,1,-8.149880657520153,0.0026840835344046354,0.003121006768196821
225,1,-8.143337193495496,0.00239256932400167,0.0028592520393431187
226,1,-8.146990465101197,0.0025250199250876904,0.003006816143169999
227,1,-8.148354525136504,0.002734889043495059,0.0032726856879889965
228,1,-8.154185277217854,0.002285732189193368,0.0027427056338638067
229,1,-8.15204755600235,0.0023778462782502174,0.002848871750757098
230,1,-8.158010146296075,0.002309157745912671,0.0027692413423210382
231,1,-8.155380730294157,0.00304460059851408,0.0035376737359911203
232,1,-8.15048117697258,0.002483677351847291,0.0029227195773273706
233,1,-8.162983472548298,0.0025940327905118465,0.003045331686735153
234,1,-8.171197474021948,0.002517713000997901,0.0029998538084328175
235,1,-8.170052794700787,0.002477508271113038,0.0029560078401118517
236,1,-8.175725087480462,0.002519469242542982,0.002979824785143137
237,1,-8.17574604110253,0.002620420418679714,0.003096987958997488
238,1,-8.17861253292601,0.0024088597856462,0.002857500221580267
239,1,-8.183078328781152,0.0024813436903059483,0.0029561191331595182
240,1,-8.170427734250248,0.0027062101289629936,0.0031420092564076185
241,1,-8.1897482800155,0.0025598278734833,0.003070313949137926
242,1,-8.179855881764668,0.0025010383687913418,0.002919890219345689
243,1,-8.18356196518776,0.002366300206631422,0.0028195339255034924
244,1,-8.180411756325318,0.00236100098118186,0.0028159997891634703
245,1,-8.195467455412341,0.0023359358310699463,0.002773887710645795
246,1,-8.18428740787292,0.002420345088467002,0.0028445592615753412
247,1,-8.194262458407447,0.0023652315139770508,0.0028357140254229307
248,1,-8.190783147209537,0.002634757664054632,0.00314500043168664
249,1,-8.190510792012168,0.002957503078505397,0.0034217864740639925
250,1,-8.19617619228577,0.0025192522443830967,0.0030034510418772697
251,1,-8.195987513524747,0.002356206765398383,0.002836898434907198
252,1,-8.208233404939241,0.0028438568115234375,0.0033315839245915413
253,1,-8.199606342168908,0.0022990775760263205,0.0027817708905786276
254,1,-8.214591592120298,0.002563378307968378,0.0030293830204755068
255,1,-8.219326326273007,0.0023010631557554007,0.0027778942603617907
256,1,-8.208145101699511,0.0023516693618148565,0.002822947921231389
257,1,-8.214153698446966,0.0023155652452260256,0.002781248651444912
258,1,-8.217955162602381,0.002370981266722083,0.0028260715771466494
259,1,-8.219408312299459,0.0022803018800914288,0.0027207338716834784
260,1,-8.215976340375523,0.00233637448400259,0.0027919199783354998
261,1,-8.211101965554137,0.0023838463239371777,0.0028362718876451254
262,1,-8.210237577810773,0.0024736900813877583,0.0029646912589669228
263,1,-8.224285297571141,0.002534582745283842,0.00301790121011436
264,1,-8.224306967748438,0.0024655438028275967,0.0029036758933216333
265,1,-8.218172529715305,0.002250610152259469,0.0027195506263524294
266,1,-8.227335120057708,0.0023332589771598577,0.0028231190517544746
267,1,-8.230803386642979,0.0024039684794843197,0.002891117474064231
268,1,-8.232188318050149,0.0022441379260271788,0.0026949888560920954
269,1,-8.23807482491628,0.002430715598165989,0.0029111728072166443
270,1,-8.230603421410907,0.002327505499124527,0.0027675421442836523
271,1,-8.231079758493975,0.0024647656828165054,0.002938776044175029
272,1,-8.235601666264902,0.0022625334095209837,0.002720265882089734
273,1,-8.228621140394734,0.0023031358141452074,0.0027777969371527433
274,1,-8.23617787023277,0.0023856530897319317,0.0028953133150935173
275,1,-8.240007659646707,0.0024621461052447557,0.002950837602838874
276,1,-8.24889922470724,0.002275880193337798,0.0027481867000460625
277,1,-8.25041752390542,0.0022501705680042505,0.0027367512229830027
278,1,-8.239188767121593,0.002256078412756324,0.00271786330267787
279,1,-8.241245226968593,0.002593514509499073,0.0030395558569580317
280,1,-8.237456724558857,0.00234786793589592,0.002811797196045518
281,1,-8.250996029197347,0.0023976729717105627,0.0028978600166738033
282,1,-8.242304371885476,0.0023660720326006413,0.002822171663865447
283,1,-8.253873748173886,0.0022480993065983057,0.0027107526548206806
284,1,-8.249091511928489,0.002416897565126419,0.0028549637645483017
285,1,-8.260760476245984,0.0025372577365487814,0.002986015286296606
286,1,-8.264653528451385,0.0025606858544051647,0.0029981352854520082
287,1,-8.256115411634283,0.0024446132592856884,0.0029010195285081863
288,1,-8.256591074510277,0.002465439960360527,0.0029478748328983784
289,1,-8.259843958383495,0.00225267861969769,0.0027274133171886206
290,1,-8.271269545260054,0.0024462335277348757,0.002941310405731201
291,1,-8.253064838194167,0.002536401152610779,0.0030552169773727655
292,1,-8.265246760963667,0.002317058155313134,0.002798701636493206
293,1,-8.271710231159696,0.0024137699510902166,0.0028341105207800865
294,1,-8.268598466471397,0.0025318998377770185,0.002996353432536125
295,1,-8.273869402709012,0.0023739952594041824,0.0028352616354823112
296,1,-8.273695093425813,0.0023072699550539255,0.0027640254702419043
297,1,-8.2835857161118,0.0024070818908512592,0.002860173350200057
298,1,-8.27231845598872,0.0022830956149846315,0.002757348818704486
299,1,-8.2738330288551,0.0023784793447703123,0.0028511518612504005
300,1,-8.276387372892918,0.002316101221367717,0.002772731240838766
301,1,-8.280875719675233,0.002209358848631382,0.0026726785581558943
302,1,-8.28601906123013,0.0022296495735645294,0.0026854907628148794
303,1,-8.292938375671769,0.0023792937863618135,0.0028581509832292795
304,1,-8.283066236961343,0.002108560409396887,0.002575688296929002
305,1,-8.273142909881358,0.0022625087294727564,0.002722561126574874
306,1,-8.281635472009334,0.0022764080204069614,0.0027547546196728945
307,1,-8.283654688260004,0.0023100886028259993,0.0027716588228940964
308,1,-8.284130144746076,0.0023332317359745502,0.0028051696717739105
309,1,-8.276360535017762,0.002350740134716034,0.002801517490297556
310,1,-8.294235407446164,0.00232367729768157,0.002808209741488099
311,1,-8.29246299807251,0.002274255035445094,0.0027375402860343456
312,1,-8.290603302732114,0.0024503807071596384,0.002924175001680851
313,1,-8.281124829252242,0.0021894103847444057,0.002681262092664838
314,1,-8.29251274018381,0.0020928350277245045,0.002536709886044264
315,1,-8.288638322695054,0.0024177690502256155,0.0028873824048787355
316,1,-8.303440756276466,0.002167746424674988,0.002634089207276702
317,1,-8.298694678322173,0.0025418277364224195,0.0030728483106940985
318,1,-8.30014891210142,0.0023588123731315136,0.0028432582039386034
319,1,-8.30321933857024,0.0023441805969923735,0.0028069971594959497
320,1,-8.3031434456329,0.0022819293662905693,0.002785666612908244
321,1,-8.302965182071697,0.0024377750232815742,0.0028868454974144697
322,1,-8.293262243958841,0.0022897885646671057,0.002785824239253998
323,1,-8.303062045906705,0.0022596034687012434,0.0027578764129430056
324,1,-8.30162729762922,0.0022875519935041666,0.002792544197291136
325,1,-8.305710936861567,0.0023650829680263996,0.0028355999384075403
326,1,-8.302615589497753,0.0022329241037368774,0.002706038998439908
327,1,-8.306562806979782,0.0021945869084447622,0.002705084392800927
328,1,-8.314772207639889,0.0024678842164576054,0.002930961549282074
329,1,-8.30621513872431,0.002252014586701989,0.0027409105096012354
330,1,-8.312774406101658,0.0021848860196769238,0.0026268353685736656
331,1,-8.31872949893752,0.00232698698528111,0.0027619628235697746
332,1,-8.314904752470202,0.002293822355568409,0.0027901041321456432
333,1,-8.325222492065135,0.0022336107213050127,0.0027349430602043867
334,1,-8.315920581034874,0.002613888354972005,0.003136138431727886
335,1,-8.308671096228148,0.0023767200764268637,0.0028855169657617807
336,1,-8.321426118249578,0.002277009654790163,0.002804336603730917
337,1,-8.328289886436695,0.0024168225936591625,0.0029211007058620453
338,1,-8.327856290565924,0.002289248164743185,0.002749604405835271
339,1,-8.33413895432404,0.0024145138449966908,0.0029263519681990147
340,1,-8.332755470245303,0.0021448135375976562,0.0026369818951934576
341,1,-8.325816850701981,0.0023774183355271816,0.002860273700207472
342,1,-8.336969096448874,0.0025290949270129204,0.0030386042781174183
343,1,-8.3310310315459,0.0023010196164250374,0.002807537792250514
344,1,-8.328834383256087,0.0021831407211720943,0.0026828902773559093
345,1,-8.319583874782257,0.0024099925067275763,0.0029155670199543238
346,1,-8.34010478983173,0.0023775503505021334,0.0028207905124872923
347,1,-8.33701834093114,0.002368564484640956,0.002845726441591978
348,1,-8.332033876655728,0.0024888627231121063,0.0029514343477785587
349,1,-8.332382299533904,0.0022588905412703753,0.002748576458543539
350,1,-8.337536966544613,0.002406740328297019,0.0028655994683504105
351,1,-8.34179711349502,0.0022168380673974752,0.002711624838411808
352,1,-8.340496677357098,0.002586126094684005,0.0030699963681399822
353,1,-8.343826759010602,0.002163131022825837,0.0026592575013637543
354,1,-8.353869190503481,0.0022032903507351875,0.0026581857819110155
355,1,-8.338435860236665,0.0023104960564523935,0.002800086745992303
356,1,-8.340900147484831,0.002341662300750613,0.0028418423607945442
357,1,-8.346069471084679,0.0021388789173215628,0.002638349775224924
358,1,-8.33399067616073,0.00241705565713346,0.002885635709390044
359,1,-8.345113532441516,0.0021953426767140627,0.0026928395964205265
360,1,-8.353205185664239,0.0023202698212116957,0.0028389696963131428
361,1,-8.353946113250087,0.002412891248241067,0.002940267324447632
362,1,-8.342819833342713,0.002328332746401429,0.002830633893609047
363,1,-8.344907461278291,0.002134731039404869,0.002635806566104293
364,1,-8.353709619753863,0.0025336092803627253,0.0030639113392680883
365,1,-8.353605170095529,0.002084947656840086,0.002582490909844637
366,1,-8.357145302568577,0.0022939310874789953,0.002780996263027191
367,1,-8.34944137115821,0.002271012868732214,0.0027327160350978374
368,1,-8.35712470989955,0.0023209869395941496,0.002807999262586236
369,1,-8.365804257168147,0.0021852932404726744,0.0026399160269647837
370,1,-8.359989245758106,0.0022689171601086855,0.002745501697063446
371,1,-8.362392210127185,0.0027238819748163223,0.003184496657922864
372,1,-8.352055456669676,0.0020884356927126646,0.002552428049966693
373,1,-8.35731619021265,0.0025016400031745434,0.002981440396979451
374,1,-8.364749004612293,0.0020761326886713505,0.0025482771452516317
375,1,-8.36576064575479,0.0022617189679294825,0.0027499240823090076
376,1,-8.358869638990308,0.002235681051388383,0.002768511651083827
377,1,-8.370170176812723,0.00218286388553679,0.002659344580024481
378,1,-8.367094237898435,0.0023349865805357695,0.0028247307054698467
379,1,-8.37137405350255,0.0025464643258601427,0.0030855017248541117
380,1,-8.364237908256019,0.0021548240911215544,0.002610900206491351
381,1,-8.369485687544499,0.002212971681728959,0.002725226106122136
382,1,-8.381373050924523,0.002351683098822832,0.002857516286894679
383,1,-8.368823110311984,0.0022151072043925524,0.002701326971873641
384,1,-8.372974369914992,0.002192153362557292,0.002673834329470992
385,1,-8.380924188314856,0.0022465595975518227,0.002729484112933278
386,1,-8.376139336115429,0.002217463217675686,0.0027364003472030163
387,1,-8.379378790425811,0.002510156249627471,0.0030248472467064857
388,1,-8.371647630069607,0.002390356734395027,0.0028729508630931377
389,1,-8.37969511065127,0.0024336501955986023,0.0029675259720534086
390,1,-8.37435947514834,0.002431869739666581,0.0029353462159633636
391,1,-8.38079237272893,0.002247433178126812,0.002782753435894847
392,1,-8.381527075900523,0.0027613770216703415,0.003284820355474949
393,1,-8.380869747851666,0.00212377542629838,0.0026296102441847324
394,1,-8.387682135497274,0.0021542850881814957,0.0026537880767136812
395,1,-8.37453505671074,0.0020838414784520864,0.0025332896038889885
396,1,-8.387949032980725,0.0020592312794178724,0.0025537367910146713
397,1,-8.38206829952865,0.002112852642312646,0.0025602031964808702
398,1,-8.38102920852666,0.0021755932830274105,0.0026754364371299744
399,1,-8.378343284493189,0.0024194237776100636,0.00294621754437685
400,1,-8.386355335110844,0.002472706139087677,0.0029779591131955385
401,1,-8.382793670665304,0.002054522978141904,0.002547655953094363
402,1,-8.382456240878728,0.0023003562819212675,0.0028313053771853447
403,1,-8.393987566815541,0.0026830974966287613,0.003177741076797247
404,1,-8.400683765344109,0.0020979351829737425,0.0025999671779572964
405,1,-8.384165190702525,0.0022232653573155403,0.002721261465921998
406,1,-8.380500013914656,0.0021576215513050556,0.0026480858214199543
407,1,-8.386094200645513,0.0024094106629490852,0.0029142331331968307
408,1,-8.397491191663434,0.002081062877550721,0.00257984921336174
409,1,-8.394507872748735,0.0021020544227212667,0.002611201023682952
410,1,-8.399242924130395,0.00211097439751029,0.0025971243157982826
411,1,-8.401027921454652,0.0022439013700932264,0.002738656010478735
412,1,-8.388718019658535,0.002258995780721307,0.0027731782756745815
413,1,-8.397464995890253,0.002211467595770955,0.0026926686987280846
414,1,-8.404978826895245,0.002281734487041831,0.00278485263697803
415,1,-8.39510305021848,0.002634426113218069,0.0031982469372451305
416,1,-8.391081466625883,0.0023950582835823298,0.0029261864256113768
417,1,-8.410087510690204,0.0023011870216578245,0.0027818777598440647
418,1,-8.405650580070768,0.0021577244624495506,0.0026658314745873213
419,1,-8.39685540888775,0.0023316096048802137,0.0028155907057225704
420,1,-8.404243065784206,0.0022196220234036446,0.0026997339446097612
421,1,-8.399980056434918,0.002264568116515875,0.0027512754313647747
422,1,-8.40178034511198,0.002068723551928997,0.002588746603578329
423,1,-8.40631690672018,0.002153476234525442,0.002618588972836733
424,1,-8.394901990049656,0.002132797846570611,0.0026011087466031313
425,1,-8.404819688035648,0.0022523868829011917,0.0027550654485821724
426,1,-8.407031082655994,0.002453165128827095,0.0029317415319383144
427,1,-8.412984026743457,0.002090102294459939,0.002552693709731102
428,1,-8.412792495826606,0.0020754029974341393,0.00255995849147439
429,1,-8.403576989860326,0.0022902917116880417,0.002779612550511956
430,1,-8.404387205447398,0.002214400563389063,0.0026830104179680347
431,1,-8.409531163878837,0.0021702125668525696,0.0026924125850200653
432,1,-8.40786497819955,0.002144170692190528,0.0026652615051716566
433,1,-8.428096243646443,0.0022555759642273188,0.0027606941293925047
434,1,-8.42413366280446,0.002304893685504794,0.0027999242302030325
435,1,-8.42334413803629,0.0021721404045820236,0.00266137532889843
436,1,-8.41405841516126,0.002415004186332226,0.0029204958118498325
437,1,-8.415021051692444,0.002289106836542487,0.002793950494378805
438,1,-8.415717627613084,0.0020211641676723957,0.0025055240839719772
439,1,-8.413239738046071,0.0022973017767071724,0.002839752472937107
440,1,-8.421556971783286,0.0019801591988652945,0.0024528405629098415
441,1,-8.41751251239049,0.002238514833152294,0.002743588760495186
442,1,-8.426909173670087,0.0023102140985429287,0.0028186317067593336
443,1,-8.413446597771676,0.0021018008701503277,0.002601699670776725
444,1,-8.429514296508133,0.0021204864606261253,0.0026282065082341433
445,1,-8.409093106010856,0.002061727223917842,0.002525688847526908
446,1,-8.41548104498699,0.0022264965809881687,0.0027181694749742746
447,1,-8.424566170923907,0.002204443560913205,0.0026985579170286655
448,1,-8.428382255588444,0.0021890972275286913,0.002701888559386134
449,1,-8.429138806126904,0.0021114712581038475,0.0025809744838625193
450,1,-8.431993685994787,0.0020510528702288866,0.002509916666895151
451,1,-8.425436590450932,0.00228754710406065,0.0027949016075581312
452,1,-8.422323897772396,0.0023870740551501513,0.0028426863718777895
453,1,-8.438216620968412,0.002010558731853962,0.002487449673935771
454,1,-8.436269104882058,0.002210591919720173,0.002709025517106056
455,1,-8.43414954292197,0.002232187194749713,0.002746302867308259
456,1,-8.43373794424186,0.002000743057578802,0.0024667964316904545
457,1,-8.42225610097657,0.0022166534326970577,0.0027046282775700092
458,1,-8.430398024515908,0.002000415464863181,0.0024669175036251545
459,1,-8.42841765298871,0.0022295054513961077,0.0027098911814391613
460,1,-8.441601489973053,0.0021266720723360777,0.0026269378140568733
461,1,-8.437230872740995,0.0020592159125953913,0.0025508475955575705
462,1,-8.43991969066692,0.001960988389328122,0.0024469459895044565
463,1,-8.43577806825017,0.001992311328649521,0.002489760983735323
464,1,-8.436190657907666,0.0021593146957457066,0.0026752226985991
465,1,-8.43951791094908,0.002225451869890094,0.0027192176785320044
466,1,-8.442968971953249,0.0021643599029630423,0.002645494882017374
467,1,-8.440593631269842,0.0020724849309772253,0.0025706221349537373
468,1,-8.437049593135079,0.0020495629869401455,0.002550940029323101
469,1,-8.436097929209385,0.0021472114603966475,0.002615389646962285
470,1,-8.438284441155094,0.00224664737470448,0.0027522468008100986
471,1,-8.458223610132235,0.002503050025552511,0.0030168001540005207
472,1,-8.446500518911348,0.0022493996657431126,0.0027550682425498962
473,1,-8.452582791203985,0.002129260916262865,0.0026050691958516836
474,1,-8.453015243827474,0.0021646739915013313,0.0026673763059079647
475,1,-8.444627979391084,0.0022625019773840904,0.002715551760047674
476,1,-8.454580394455009,0.0021080435253679752,0.002577896462753415
477,1,-8.443996900623905,0.0023511163890361786,0.0028400279115885496
478,1,-8.450447109579542,0.0019913404248654842,0.0024820053949952126
479,1,-8.450377861633251,0.002593341749161482,0.0031043128110468388
480,1,-8.444776803341076,0.0020998544059693813,0.0026150126941502094
481,1,-8.44691995643354,0.0020980341359972954,0.0025718221440911293
482,1,-8.452566911716344,0.0020999344997107983,0.002539411187171936
483,1,-8.447484386697264,0.0028773134108632803,0.003418098436668515
484,1,-8.455327460841515,0.0020122602581977844,0.00248396466486156
485,1,-8.461191459434389,0.0021081953309476376,0.0026281331665813923
486,1,-8.454797577804463,0.0019580514635890722,0.0024513057433068752
487,1,-8.44619322985019,0.002174455439671874,0.0026929168961942196
488,1,-8.462206689009646,0.002326290588825941,0.002841744339093566
489,1,-8.451733907777248,0.0021152044646441936,0.0025828625075519085
490,1,-8.456792606685207,0.0024509967770427465,0.0029118028469383717
491,1,-8.450590857713411,0.002004049951210618,0.0024909311905503273
492,1,-8.461789628946464,0.0020592589862644672,0.0025481523480266333
493,1,-8.449157347011047,0.0021456240210682154,0.0026433970779180527
494,1,-8.457931691157814,0.002156695118173957,0.002649053232744336
495,1,-8.455557882652025,0.002236583037301898,0.002725885482504964
496,1,-8.46530018620248,0.0020899823866784573,0.00259398203343153
497,1,-8.46072510764858,0.0020706120412796736,0.0025764296296983957
498,1,-8.463755182288862,0.002140309661626816,0.002641561906784773
499,1,-8.469619919146128,0.0020703754853457212,0.002539806766435504
