step,model_id,mse_loss,lr,train_mse,val_mse
0,0,0.0395720288113868,0.000495,0.0395720288113868,0.018914811
1,0,0.0157138083608472,0.00049005,0.0157138083608472,0.014687753
2,0,0.0128661238207084,0.0004851495,0.0128661238207084,0.012825553
3,0,0.0112911743430212,0.0004802980049999,0.0112911743430212,0.012126739
4,0,0.0102059098346378,0.0004754950249499,0.0102059098346378,0.010355417
5,0,0.0094755848567501,0.0004707400747004,0.0094755848567501,0.009355871
6,0,0.0088472535029595,0.0004660326739534,0.0088472535029595,0.009532481
7,0,0.0082984965647092,0.0004613723472139,0.0082984965647092,0.008258043
8,0,0.0079241956989649,0.0004567586237418,0.0079241956989649,0.008319644
9,0,0.0075451336902873,0.0004521910375044,0.0075451336902873,0.00882267
10,0,0.0071707764446661,0.0004476691271293,0.0071707764446661,0.008264655
11,0,0.0069288707622836,0.000443192435858,0.0069288707622836,0.007875901
12,0,0.0066582831653696,0.0004387605114994,0.0066582831653696,0.008201805
13,0,0.0064336740408533,0.0004343729063844,0.0064336740408533,0.008119618
14,0,0.0062602245911439,0.0004300291773206,0.0062602245911439,0.007080737
15,0,0.0059743480914089,0.0004257288855474,0.0059743480914089,0.006825284
16,0,0.0058312320219709,0.0004214715966919,0.0058312320219709,0.007994718
17,0,0.0056396148371491,0.000417256880725,0.0056396148371491,0.006602644
18,0,0.0054646629733238,0.0004130843119177,0.0054646629733238,0.0063860184
19,0,0.0054090890717495,0.0004089534687986,0.0054090890717495,0.006542726
20,0,0.0051626973047478,0.0004048639341106,0.0051626973047478,0.0061237086
21,0,0.0050519679538796,0.0004008152947695,0.0050519679538796,0.005814701
22,0,0.0049371762321673,0.0003968071418218,0.0049371762321673,0.0062451106
23,0,0.0048452997389815,0.0003928390704036,0.0048452997389815,0.005897178
24,0,0.0047050398002871,0.0003889106796995,0.0047050398002871,0.005637509
25,0,0.0046200069595718,0.0003850215729025,0.0046200069595718,0.005755813
26,0,0.0044637810420657,0.0003811713571735,0.0044637810420657,0.0055866
27,0,0.0043611367057746,0.0003773596436018,0.0043611367057746,0.0058116135
28,0,0.0043380562665879,0.0003735860471657,0.0043380562665879,0.005358277
29,0,0.0041713498763587,0.0003698501866941,0.0041713498763587,0.005481223
30,0,0.0040921881959829,0.0003661516848271,0.0040921881959829,0.0055862856
31,0,0.0040377888857031,0.0003624901679789,0.0040377888857031,0.0053969524
32,0,0.0039255882925543,0.0003588652662991,0.0039255882925543,0.0052552316
33,0,0.0038474856522522,0.0003552766136361,0.0038474856522522,0.005076197
34,0,0.003760577942331,0.0003517238474997,0.003760577942331,0.0053776475
35,0,0.0036626261315655,0.0003482066090247,0.0036626261315655,0.0051987832
36,0,0.0036202412846331,0.0003447245429345,0.0036202412846331,0.0051965243
37,0,0.0035745617659982,0.0003412772975051,0.0035745617659982,0.0048831827
38,0,0.0034554497161987,0.0003378645245301,0.0034554497161987,0.0052861804
39,0,0.0034163349940948,0.0003344858792848,0.0034163349940948,0.005626103
40,0,0.0033547237867644,0.0003311410204919,0.0033547237867644,0.0050031245
41,0,0.0032939612828496,0.000327829610287,0.0032939612828496,0.004734376
42,0,0.0032254632788361,0.0003245513141842,0.0032254632788361,0.004959932
43,0,0.0032014632631531,0.0003213058010423,0.0032014632631531,0.0050888937
44,0,0.003103925263246,0.0003180927430319,0.003103925263246,0.0049540796
45,0,0.0030938783954947,0.0003149118156016,0.0030938783954947,0.004718724
46,0,0.0030284948256532,0.0003117626974455,0.0030284948256532,0.0048657195
47,0,0.0029704442053138,0.0003086450704711,0.0029704442053138,0.005089871
48,0,0.0029714756077779,0.0003055586197664,0.0029714756077779,0.0047643613
49,0,0.0028610092570375,0.0003025030335687,0.0028610092570375,0.00489179
50,0,0.0028589735689291,0.000299478003233,0.0028589735689291,0.0045437613
51,0,0.0027990708122093,0.0002964832232007,0.0027990708122093,0.0051612337
52,0,0.0027271199177319,0.0002935183909687,0.0027271199177319,0.005418652
53,0,0.0027038913589531,0.000290583207059,0.0027038913589531,0.0047910823
54,0,0.0026439085689577,0.0002876773749884,0.0026439085689577,0.0046042786
55,0,0.0025993506749599,0.0002848006012385,0.0025993506749599,0.004513489
56,0,0.0025917736192494,0.0002819525952261,0.0025917736192494,0.004495616
57,0,0.0025537154103087,0.0002791330692739,0.0025537154103087,0.0044554174
58,0,0.0025202800247593,0.0002763417385811,0.0025202800247593,0.004699246
59,0,0.0024507949494527,0.0002735783211953,0.0024507949494527,0.004310574
60,0,0.0024381580552577,0.0002708425379834,0.0024381580552577,0.004687832
61,0,0.0024056541915214,0.0002681341126035,0.0024056541915214,0.004544133
62,0,0.0023531762160986,0.0002654527714775,0.0023531762160986,0.0041055544
63,0,0.0023796802575354,0.0002627982437627,0.0023796802575354,0.0047975513
64,0,0.0022895864937209,0.0002601702613251,0.0022895864937209,0.004422863
65,0,0.0022685822401328,0.0002575685587119,0.0022685822401328,0.004322274
66,0,0.002238529506447,0.0002549928731247,0.002238529506447,0.0040793126
67,0,0.0022211363866622,0.0002524429443935,0.0022211363866622,0.004302264
68,0,0.0021623472002182,0.0002499185149495,0.0021623472002182,0.004408087
69,0,0.0021421008088075,0.0002474193298001,0.0021421008088075,0.00408154
70,0,0.0021207256380136,0.0002449451365021,0.0021207256380136,0.0039929464
71,0,0.0020494770690734,0.000242495685137,0.0020494770690734,0.0045864517
72,0,0.0020466726213578,0.0002400707282857,0.0020466726213578,0.004125726
73,0,0.0020512132484402,0.0002376700210028,0.0020512132484402,0.004283388
74,0,0.002008336463614,0.0002352933207928,0.002008336463614,0.0041344427
75,0,0.0020018637419354,0.0002329403875848,0.0020018637419354,0.004158784
76,0,0.0019375799558507,0.000230610983709,0.0019375799558507,0.0043369303
77,0,0.0019661470292238,0.0002283048738719,0.0019661470292238,0.004268478
78,0,0.0019160183261182,0.0002260218251332,0.0019160183261182,0.0040413183
79,0,0.001883064320108,0.0002237616068819,0.001883064320108,0.0038816105
80,0,0.0018939303514377,0.000221523990813,0.0018939303514377,0.003957858
81,0,0.0018331330334818,0.0002193087509049,0.0018331330334818,0.004218662
82,0,0.0018473106188073,0.0002171156633959,0.0018473106188073,0.0041540666
83,0,0.0018078663228558,0.0002149445067619,0.0018078663228558,0.004050293
84,0,0.0017680317109832,0.0002127950616943,0.0017680317109832,0.004041759
85,0,0.0017679188033494,0.0002106671110773,0.0017679188033494,0.0040930826
86,0,0.0017365193271871,0.0002085604399666,0.0017365193271871,0.004190114
87,0,0.0017029318760551,0.0002064748355669,0.0017029318760551,0.0039041094
88,0,0.0017193540526784,0.0002044100872112,0.0017193540526784,0.003878434
89,0,0.0016799527691837,0.0002023659863391,0.0016799527691837,0.003957894
90,0,0.0016784892562795,0.0002003423264757,0.0016784892562795,0.0037955379
91,0,0.0016293419160664,0.000198338903211,0.0016293419160664,0.00371534
92,0,0.001629106249185,0.0001963555141789,0.001629106249185,0.0038477678
93,0,0.0016032801680138,0.0001943919590371,0.0016032801680138,0.0038324543
94,0,0.0015783274360799,0.0001924480394467,0.0015783274360799,0.0042885016
95,0,0.001567721701329,0.0001905235590522,0.001567721701329,0.0040135467
96,0,0.0015540444351847,0.0001886183234617,0.0015540444351847,0.003770327
97,0,0.0015385171636501,0.0001867321402271,0.0015385171636501,0.0038238857
98,0,0.0015101934785101,0.0001848648188248,0.0015101934785101,0.0037852651
99,0,0.0014986639944697,0.0001830161706366,0.0014986639944697,0.003601414
100,0,0.0014891138148724,0.0001811860089302,0.0014891138148724,0.0038851278
101,0,0.0014920993424407,0.0001793741488409,0.0014920993424407,0.0040223575
102,0,0.0014566035941467,0.0001775804073525,0.0014566035941467,0.003728158
103,0,0.0014323765385024,0.000175804603279,0.0014323765385024,0.0037052722
104,0,0.0014547644188339,0.0001740465572462,0.0014547644188339,0.0036714966
105,0,0.0014318816744372,0.0001723060916737,0.0014318816744372,0.0036583603
106,0,0.0014007606355074,0.000170583030757,0.0014007606355074,0.0036539969
107,0,0.0013785460907223,0.0001688772004494,0.0013785460907223,0.003741175
108,0,0.0013676096940194,0.0001671884284449,0.0013676096940194,0.0035744414
109,0,0.0013460010060525,0.0001655165441605,0.0013460010060525,0.0036242432
110,0,0.0013434129273913,0.0001638613787189,0.0013434129273913,0.0035363084
111,0,0.0013331596460365,0.0001622227649317,0.0013331596460365,0.0037610033
112,0,0.0013059321083633,0.0001606005372823,0.0013059321083633,0.003568521
113,0,0.0013003516766463,0.0001589945319095,0.0013003516766463,0.0036640028
114,0,0.0012968207762716,0.0001574045865904,0.0012968207762716,0.0034805855
115,0,0.00128509565981,0.0001558305407245,0.00128509565981,0.0035443385
116,0,0.0012678084722761,0.0001542722353173,0.0012678084722761,0.0035490617
117,0,0.0012521388585631,0.0001527295129641,0.0012521388585631,0.0036087187
118,0,0.0012481481847953,0.0001512022178345,0.0012481481847953,0.0035262175
119,0,0.0012399317542092,0.0001496901956561,0.0012399317542092,0.0036465053
120,0,0.0012236269598566,0.0001481932936996,0.0012236269598566,0.0035027605
121,0,0.001209343123715,0.0001467113607626,0.001209343123715,0.0036654624
122,0,0.0012020512705012,0.0001452442471549,0.0012020512705012,0.0035416032
123,0,0.0011883342067396,0.0001437918046834,0.0011883342067396,0.003521038
124,0,0.001185993353053,0.0001423538866365,0.001185993353053,0.003568024
125,0,0.0011755003685568,0.0001409303477702,0.0011755003685568,0.0034622909
126,0,0.00116057254357,0.0001395210442925,0.00116057254357,0.0035426728
127,0,0.0011469788019106,0.0001381258338496,0.0011469788019106,0.003554164
128,0,0.0011486443404489,0.0001367445755111,0.0011486443404489,0.00345999
129,0,0.0011291913222185,0.0001353771297559,0.0011291913222185,0.0034432143
130,0,0.0011298915777912,0.0001340233584584,0.0011298915777912,0.0034780218
131,0,0.001102616620787,0.0001326831248738,0.001102616620787,0.0036649643
132,0,0.0011092975970286,0.0001313562936251,0.0011092975970286,0.003426242
133,0,0.0010829550848554,0.0001300427306888,0.0010829550848554,0.003424792
134,0,0.0010924354797565,0.0001287423033819,0.0010924354797565,0.003414539
135,0,0.001079562138018,0.0001274548803481,0.001079562138018,0.0034963957
136,0,0.00106396313714,0.0001261803315446,0.00106396313714,0.0034788977
137,0,0.0010600262309401,0.0001249185282292,0.0010600262309401,0.0034762884
138,0,0.0010465899461728,0.0001236693429469,0.0010465899461728,0.00345847
139,0,0.001047064535795,0.0001224326495174,0.001047064535795,0.0034493632
140,0,0.0010335905826837,0.0001212083230222,0.0010335905826837,0.0034154349
141,0,0.0010371341961603,0.000119996239792,0.0010371341961603,0.0035520433
142,0,0.0010147611682254,0.0001187962773941,0.0010147611682254,0.0033967162
143,0,0.0010087408667017,0.0001176083146202,0.0010087408667017,0.0034423703
144,0,0.0010082566709306,0.000116432231474,0.0010082566709306,0.0034546908
145,0,0.0009947750081689,0.0001152679091592,0.0009947750081689,0.0033936433
146,0,0.0009877169175745,0.0001141152300676,0.0009877169175745,0.0034087014
147,0,0.0009779711914772,0.0001129740777669,0.0009779711914772,0.0033594135
148,0,0.0009788593071154,0.0001118443369893,0.0009788593071154,0.0035111164
149,0,0.0009693372574759,0.0001107258936194,0.0009693372574759,0.003334645
150,0,0.0009595779940198,0.0001096186346832,0.0009595779940198,0.0033895804
151,0,0.0009526712552876,0.0001085224483364,0.0009526712552876,0.0034224323
152,0,0.000943312694153,0.000107437223853,0.000943312694153,0.0033431468
153,0,0.0009406568395477,0.0001063628516145,0.0009406568395477,0.0033600382
154,0,0.0009356027671487,0.0001052992230983,0.0009356027671487,0.0034414034
155,0,0.0009289955310556,0.0001042462308673,0.0009289955310556,0.0033068727
156,0,0.0009243358892193,0.0001032037685587,0.0009243358892193,0.0033802963
157,0,0.0009213598157957,0.0001021717308731,0.0009213598157957,0.0033119821
158,0,0.0009080217143821,0.0001011500135643,0.0009080217143821,0.0033476776
159,0,0.0009007174530269,0.0001001385134287,0.0009007174530269,0.0034234659
160,0,0.0008925674930514,9.91371282944572e-05,0.0008925674930514,0.003292619
161,0,0.0008934460180117,9.814575701151264e-05,0.0008934460180117,0.0033500828
162,0,0.0008858025987187,9.71642994413975e-05,0.0008858025987187,0.0032957701
163,0,0.0008872731553471,9.619265644698353e-05,0.0008872731553471,0.003434381
164,0,0.0008762495357241,9.523072988251368e-05,0.0008762495357241,0.003298246
165,0,0.0008654621703218,9.427842258368856e-05,0.0008654621703218,0.0033170474
166,0,0.00086373253718,9.333563835785166e-05,0.00086373253718,0.0033102222
167,0,0.0008606619059617,9.240228197427314e-05,0.0008606619059617,0.0033150557
168,0,0.0008527495158794,9.14782591545304e-05,0.0008527495158794,0.00331008
169,0,0.0008441441583685,9.05634765629851e-05,0.0008441441583685,0.0032526292
170,0,0.0008453317253804,8.965784179735525e-05,0.0008453317253804,0.0032904327
171,0,0.0008336277246483,8.87612633793817e-05,0.0008336277246483,0.0032688808
172,0,0.0008314596665057,8.787365074558789e-05,0.0008314596665057,0.003575053
173,0,0.0008270360633129,8.6994914238132e-05,0.0008270360633129,0.0032702386
174,0,0.0008248844612822,8.612496509575069e-05,0.0008248844612822,0.003268612
175,0,0.0008201410207934,8.526371544479318e-05,0.0008201410207934,0.0032790804
176,0,0.0008110766758422,8.441107829034525e-05,0.0008110766758422,0.003257407
177,0,0.0008050433878049,8.35669675074418e-05,0.0008050433878049,0.0033224442
178,0,0.0008037728676445,8.273129783236739e-05,0.0008037728676445,0.003223818
179,0,0.0007937904004087,8.190398485404371e-05,0.0007937904004087,0.0032504715
180,0,0.0007976442553806,8.108494500550328e-05,0.0007976442553806,0.0032497623
181,0,0.0007960626891473,8.027409555544825e-05,0.0007960626891473,0.0032618411
182,0,0.0007843572472111,7.947135459989377e-05,0.0007843572472111,0.003284662
183,0,0.0007758064471678,7.867664105389484e-05,0.0007758064471678,0.0032343925
184,0,0.0007733195276919,7.78898746433559e-05,0.0007733195276919,0.0032330481
185,0,0.0007735289571669,7.711097589692234e-05,0.0007735289571669,0.0032322654
186,0,0.0007698926797909,7.633986613795311e-05,0.0007698926797909,0.0032659203
187,0,0.000761863132365,7.557646747657357e-05,0.000761863132365,0.0032595708
188,0,0.0007626961101292,7.482070280180784e-05,0.0007626961101292,0.0032458787
189,0,0.0007558769376286,7.407249577378977e-05,0.0007558769376286,0.003235152
190,0,0.0007508730878035,7.333177081605188e-05,0.0007508730878035,0.0032165106
191,0,0.0007519034657176,7.259845310789136e-05,0.0007519034657176,0.0032146936
192,0,0.0007418218542352,7.187246857681245e-05,0.0007418218542352,0.0032161574
193,0,0.0007420768350867,7.115374389104432e-05,0.0007420768350867,0.003238709
194,0,0.0007387300658946,7.044220645213387e-05,0.0007387300658946,0.0032368517
195,0,0.0007305888270653,6.973778438761253e-05,0.0007305888270653,0.0032637652
196,0,0.0007294573099624,6.904040654373641e-05,0.0007294573099624,0.003246711
197,0,0.0007286066154304,6.835000247829904e-05,0.0007286066154304,0.0032159707
198,0,0.0007217745409937,6.766650245351605e-05,0.0007217745409937,0.0031934627
199,0,0.0007182200292756,6.698983742898089e-05,0.0007182200292756,0.0031968893
200,0,0.0007159959143282,6.631993905469108e-05,0.0007159959143282,0.0032305785
201,0,0.0007113120654392,6.565673966414417e-05,0.0007113120654392,0.0032040095
202,0,0.000711486029914,6.500017226750272e-05,0.000711486029914,0.003177439
203,0,0.0007073139627205,6.43501705448277e-05,0.0007073139627205,0.0032274819
204,0,0.0007039450882593,6.370666883937942e-05,0.0007039450882593,0.003201665
205,0,0.0007012705237728,6.306960215098562e-05,0.0007012705237728,0.003181991
206,0,0.0006948659026874,6.243890612947576e-05,0.0006948659026874,0.003221644
207,0,0.0006952958538827,6.1814517068181e-05,0.0006952958538827,0.0032066833
208,0,0.0006890868397444,6.11963718974992e-05,0.0006890868397444,0.0032560292
209,0,0.000689043401153,6.05844081785242e-05,0.000689043401153,0.0031834957
210,0,0.0006839884293253,5.997856409673896e-05,0.0006839884293253,0.0031960295
211,0,0.0006811369891505,5.937877845577157e-05,0.0006811369891505,0.0031918394
212,0,0.0006782363192073,5.878499067121386e-05,0.0006782363192073,0.0031822175
213,0,0.000677958243426,5.819714076450172e-05,0.000677958243426,0.0031908767
214,0,0.0006713122759012,5.76151693568567e-05,0.0006713122759012,0.0031896795
215,0,0.0006680279381486,5.703901766328813e-05,0.0006680279381486,0.00320693
216,0,0.0006677773221345,5.646862748665525e-05,0.0006677773221345,0.0031864613
217,0,0.0006649173175021,5.590394121178869e-05,0.0006649173175021,0.003196132
218,0,0.0006618700332945,5.53449017996708e-05,0.0006618700332945,0.0032036295
219,0,0.0006593068661218,5.47914527816741e-05,0.0006593068661218,0.0031879602
220,0,0.0006583353467064,5.424353825385736e-05,0.0006583353467064,0.003160565
221,0,0.000654384369509,5.3701102871318776e-05,0.000654384369509,0.0031950823
222,0,0.0006530780684705,5.316409184260559e-05,0.0006530780684705,0.003170637
223,0,0.0006492205450257,5.2632450924179534e-05,0.0006492205450257,0.0031853751
224,0,0.00064866668521,5.210612641493774e-05,0.00064866668521,0.003196835
225,0,0.0006444210678967,5.158506515078837e-05,0.0006444210678967,0.00315767
226,0,0.0006398281686179,5.106921449928048e-05,0.0006398281686179,0.0031868138
227,0,0.0006388973923537,5.055852235428768e-05,0.0006388973923537,0.0031654302
228,0,0.0006365368651588,5.00529371307448e-05,0.0006365368651588,0.0031825032
229,0,0.0006361144623532,4.955240775943735e-05,0.0006361144623532,0.0031946958
230,0,0.0006332387205733,4.905688368184298e-05,0.0006332387205733,0.003144724
231,0,0.000629618112274,4.856631484502455e-05,0.000629618112274,0.0031831993
232,0,0.0006289182426373,4.8080651696574296e-05,0.0006289182426373,0.0031784608
233,0,0.0006275565833327,4.7599845179608553e-05,0.0006275565833327,0.0031803607
234,0,0.0006224048374522,4.712384672781247e-05,0.0006224048374522,0.0031742596
235,0,0.0006228179953641,4.665260826053434e-05,0.0006228179953641,0.0031602806
236,0,0.0006201281482313,4.6186082177929e-05,0.0006201281482313,0.0031905617
237,0,0.0006160170528254,4.572422135614971e-05,0.0006160170528254,0.003184172
238,0,0.0006160857620703,4.526697914258821e-05,0.0006160857620703,0.0031816664
239,0,0.0006134701052109,4.481430935116233e-05,0.0006134701052109,0.0031631223
240,0,0.0006105455938745,4.436616625765071e-05,0.0006105455938745,0.0031523188
241,0,0.0006110744383834,4.39225045950742e-05,0.0006110744383834,0.0031505532
242,0,0.0006072887427162,4.348327954912346e-05,0.0006072887427162,0.0031792226
243,0,0.000606187134684,4.304844675363222e-05,0.000606187134684,0.0031707848
244,0,0.0006038758343836,4.26179622860959e-05,0.0006038758343836,0.003147237
245,0,0.0006015162508004,4.219178266323495e-05,0.0006015162508004,0.003168
246,0,0.0005998506843713,4.176986483660259e-05,0.0005998506843713,0.0031599335
247,0,0.0005979693998562,4.1352166188236566e-05,0.0005979693998562,0.0031550324
248,0,0.0005969205450315,4.09386445263542e-05,0.0005969205450315,0.003161895
249,0,0.0005915255856436,4.052925808109066e-05,0.0005915255856436,0.003155164
250,0,0.0005929574820462,4.012396550027976e-05,0.0005929574820462,0.0031952779
251,0,0.0005912098895642,3.972272584527696e-05,0.0005912098895642,0.003146624
252,0,0.0005895899157085,3.932549858682419e-05,0.0005895899157085,0.0031471965
253,0,0.0005884340107434,3.893224360095595e-05,0.0005884340107434,0.0031555255
254,0,0.0005854993528824,3.854292116494639e-05,0.0005854993528824,0.0031686206
255,0,0.0005844823310323,3.815749195329693e-05,0.0005844823310323,0.0031655154
256,0,0.0005829859769702,3.777591703376396e-05,0.0005829859769702,0.0031530366
257,0,0.000580735702718,3.739815786342632e-05,0.000580735702718,0.003158204
258,0,0.00057914449805,3.702417628479206e-05,0.00057914449805,0.003180679
259,0,0.0005780755646148,3.665393452194414e-05,0.0005780755646148,0.003149923
260,0,0.000576295428517,3.62873951767247e-05,0.000576295428517,0.0031462342
261,0,0.0005757367941335,3.592452122495745e-05,0.0005757367941335,0.0031928523
262,0,0.0005733934107558,3.556527601270788e-05,0.0005733934107558,0.0031499953
263,0,0.0005724912510124,3.52096232525808e-05,0.0005724912510124,0.0031482365
264,0,0.0005703326225668,3.485752702005499e-05,0.0005703326225668,0.0031620006
265,0,0.0005693624570347,3.450895174985444e-05,0.0005693624570347,0.0031517847
266,0,0.000566738418888,3.416386223235589e-05,0.000566738418888,0.0031526021
267,0,0.0005657200399261,3.3822223610032335e-05,0.0005657200399261,0.0031483439
268,0,0.000563905855202,3.348400137393201e-05,0.000563905855202,0.0031451948
269,0,0.0005628339030679,3.314916136019269e-05,0.0005628339030679,0.003139742
270,0,0.0005627171081833,3.281766974659076e-05,0.0005627171081833,0.003138711
271,0,0.0005602770129635,3.248949304912486e-05,0.0005602770129635,0.0031449122
272,0,0.0005592560426876,3.2164598118633607e-05,0.0005592560426876,0.0031471618
273,0,0.0005579713018675,3.184295213744727e-05,0.0005579713018675,0.003131368
274,0,0.0005561902523069,3.15245226160728e-05,0.0005561902523069,0.003155288
275,0,0.0005553755195278,3.120927738991207e-05,0.0005553755195278,0.0031416898
276,0,0.0005542288395813,3.089718461601295e-05,0.0005542288395813,0.0031394744
277,0,0.0005526232200818,3.058821276985282e-05,0.0005526232200818,0.0031491823
278,0,0.0005527302248541,3.0282330642154294e-05,0.0005527302248541,0.0031463543
279,0,0.0005507506587098,2.997950733573275e-05,0.0005507506587098,0.0031471902
280,0,0.0005484076741824,2.967971226237542e-05,0.0005484076741824,0.003133747
281,0,0.0005482728764091,2.9382915139751665e-05,0.0005482728764091,0.0031507933
282,0,0.0005464095639433,2.9089085988354148e-05,0.0005464095639433,0.0031397657
283,0,0.0005469223316977,2.8798195128470606e-05,0.0005469223316977,0.0031363182
284,0,0.0005447070914963,2.85102131771859e-05,0.0005447070914963,0.0031468738
285,0,0.000542596674465,2.822511104541404e-05,0.000542596674465,0.0031401115
286,0,0.0005418761490961,2.7942859934959894e-05,0.0005418761490961,0.003135348
287,0,0.0005412043468147,2.7663431335610295e-05,0.0005412043468147,0.0031525004
288,0,0.0005392993404384,2.7386797022254197e-05,0.0005392993404384,0.0031498668
289,0,0.0005378845680801,2.711292905203165e-05,0.0005378845680801,0.0031356234
290,0,0.0005378982722332,2.684179976151133e-05,0.0005378982722332,0.0031375817
291,0,0.0005364148516837,2.657338176389622e-05,0.0005364148516837,0.0031401494
292,0,0.0005354766355697,2.6307647946257257e-05,0.0005354766355697,0.0031381722
293,0,0.0005350106141376,2.604457146679469e-05,0.0005350106141376,0.0031425005
294,0,0.0005335327483048,2.578412575212674e-05,0.0005335327483048,0.0031544245
295,0,0.0005327150401606,2.552628449460547e-05,0.0005327150401606,0.0031479443
296,0,0.000531250709643,2.5271021649659417e-05,0.000531250709643,0.0031364607
297,0,0.0005310085886536,2.501831143316282e-05,0.0005310085886536,0.003151427
298,0,0.000529287745839,2.476812831883119e-05,0.000529287745839,0.0031462843
299,0,0.0005292912972622,2.452044703564288e-05,0.0005292912972622,0.0031388223
300,0,0.0005280497450988,2.427524256528645e-05,0.0005280497450988,0.0031300324
301,0,0.000526304131528,2.4032490139633585e-05,0.000526304131528,0.003129768
302,0,0.0005251611918109,2.379216523823725e-05,0.0005251611918109,0.0031372786
303,0,0.0005251165372038,2.355424358585488e-05,0.0005251165372038,0.0031339035
304,0,0.0005240638668753,2.3318701149996328e-05,0.0005240638668753,0.0031454768
305,0,0.0005229024843716,2.3085514138496364e-05,0.0005229024843716,0.0031339927
306,0,0.0005213967640641,2.28546589971114e-05,0.0005213967640641,0.0031394605
307,0,0.0005215722631757,2.2626112407140287e-05,0.0005215722631757,0.0031427247
308,0,0.0005201269083743,2.2399851283068885e-05,0.0005201269083743,0.003147058
309,0,0.0005195963805182,2.21758527702382e-05,0.0005195963805182,0.0031312539
310,0,0.0005188756811143,2.1954094242535813e-05,0.0005188756811143,0.003144997
311,0,0.0005175128330782,2.1734553300110456e-05,0.0005175128330782,0.003136236
312,0,0.0005167866689285,2.151720776710935e-05,0.0005167866689285,0.0031399052
313,0,0.0005155094548778,2.130203568943826e-05,0.0005155094548778,0.0031320145
314,0,0.0005148340951173,2.108901533254388e-05,0.0005148340951173,0.0031413836
315,0,0.0005145016183142,2.087812517921844e-05,0.0005145016183142,0.0031388171
316,0,0.0005135652662077,2.0669343927426253e-05,0.0005135652662077,0.0031334455
317,0,0.0005131796433094,2.0462650488151992e-05,0.0005131796433094,0.0031435664
318,0,0.0005120660342628,2.0258023983270476e-05,0.0005120660342628,0.0031367682
319,0,0.0005112864008152,2.0055443743437767e-05,0.0005112864008152,0.0031331002
320,0,0.0005105436535847,1.985488930600339e-05,0.0005105436535847,0.003139835
321,0,0.0005098363823466,1.965634041294336e-05,0.0005098363823466,0.0031283493
322,0,0.000509183296133,1.9459777008813923e-05,0.000509183296133,0.0031294744
323,0,0.0005081975733578,1.9265179238725783e-05,0.0005081975733578,0.0031340225
324,0,0.0005078979127145,1.9072527446338524e-05,0.0005078979127145,0.003135388
325,0,0.0005067915347334,1.888180217187514e-05,0.0005067915347334,0.003132571
326,0,0.0005061088040336,1.869298415015639e-05,0.0005061088040336,0.0031334907
327,0,0.0005057182549645,1.8506054308654825e-05,0.0005057182549645,0.003129862
328,0,0.0005048410642921,1.832099376556828e-05,0.0005048410642921,0.00314052
329,0,0.000504001515762,1.8137783827912596e-05,0.000504001515762,0.0031351785
330,0,0.0005036669899242,1.7956405989633468e-05,0.0005036669899242,0.0031335948
331,0,0.0005026162855553,1.7776841929737134e-05,0.0005026162855553,0.003131392
332,0,0.0005020033880177,1.7599073510439762e-05,0.0005020033880177,0.0031334504
333,0,0.0005015634967772,1.7423082775335366e-05,0.0005015634967772,0.0031326893
334,0,0.0005009507380404,1.7248851947582012e-05,0.0005009507380404,0.0031377606
335,0,0.00050017093764,1.7076363428106193e-05,0.00050017093764,0.0031370118
336,0,0.0004996311315872,1.690559979382513e-05,0.0004996311315872,0.0031346371
337,0,0.0004991743745417,1.6736543795886878e-05,0.0004991743745417,0.003134268
338,0,0.0004980361792342,1.656917835792801e-05,0.0004980361792342,0.0031319251
339,0,0.0004972707564433,1.640348657434873e-05,0.0004972707564433,0.0031323778
340,0,0.0004971598473441,1.623945170860524e-05,0.0004971598473441,0.003140015
341,0,0.0004962759906256,1.607705719151919e-05,0.0004962759906256,0.0031316923
342,0,0.000495828347474,1.5916286619603998e-05,0.000495828347474,0.0031381783
343,0,0.0004954409314756,1.5757123753407958e-05,0.0004954409314756,0.003131099
344,0,0.0004946603929353,1.5599552515873877e-05,0.0004946603929353,0.0031351552
345,0,0.0004939889929473,1.5443556990715138e-05,0.0004939889929473,0.0031411822
346,0,0.0004936107550598,1.5289121420807987e-05,0.0004936107550598,0.003132994
347,0,0.000493165739427,1.5136230206599907e-05,0.000493165739427,0.0031346008
348,0,0.0004922163156135,1.4984867904533909e-05,0.0004922163156135,0.003132912
349,0,0.000491646277614,1.483501922548857e-05,0.000491646277614,0.0031352933
350,0,0.0004907371581734,1.4686669033233685e-05,0.0004907371581734,0.0031387887
351,0,0.0004907902892174,1.4539802342901346e-05,0.0004907902892174,0.0031300085
352,0,0.0004901868532987,1.4394404319472332e-05,0.0004901868532987,0.003136546
353,0,0.0004897024958656,1.4250460276277608e-05,0.0004897024958656,0.0031362164
354,0,0.0004891486845812,1.4107955673514832e-05,0.0004891486845812,0.0031342893
355,0,0.0004883966074503,1.3966876116779685e-05,0.0004883966074503,0.0031300157
356,0,0.0004879356233323,1.3827207355611888e-05,0.0004879356233323,0.0031352402
357,0,0.00048749541669,1.3688935282055767e-05,0.00048749541669,0.0031344723
358,0,0.0004871454053469,1.3552045929235213e-05,0.0004871454053469,0.00313746
359,0,0.0004864461605701,1.341652546994286e-05,0.0004864461605701,0.0031361468
360,0,0.0004859874574311,1.328236021524343e-05,0.0004859874574311,0.0031351014
361,0,0.000485445020491,1.3149536613090996e-05,0.000485445020491,0.003135133
362,0,0.0004852868636418,1.3018041246960086e-05,0.0004852868636418,0.003136885
363,0,0.0004846970086958,1.2887860834490484e-05,0.0004846970086958,0.003139354
364,0,0.0004842490580177,1.275898222614558e-05,0.0004842490580177,0.003135303
365,0,0.0004836462504488,1.2631392403884124e-05,0.0004836462504488,0.0031380672
366,0,0.0004835646896466,1.2505078479845282e-05,0.0004835646896466,0.0031362167
367,0,0.0004826675133674,1.238002769504683e-05,0.0004826675133674,0.0031347969
368,0,0.0004821450612597,1.225622741809636e-05,0.0004821450612597,0.0031355417
369,0,0.0004819152784468,1.2133665143915397e-05,0.0004819152784468,0.003140825
370,0,0.0004820218317784,1.2012328492476243e-05,0.0004820218317784,0.0031418996
371,0,0.0004811626251645,1.189220520755148e-05,0.0004811626251645,0.0031406353
372,0,0.0004804982028082,1.1773283155475969e-05,0.0004804982028082,0.0031346385
373,0,0.0004802448777025,1.1655550323921209e-05,0.0004802448777025,0.003134151
374,0,0.0004794091980037,1.1538994820681996e-05,0.0004794091980037,0.0031437636
375,0,0.0004794594386053,1.1423604872475175e-05,0.0004794594386053,0.0031351806
376,0,0.0004789948795777,1.1309368823750424e-05,0.0004789948795777,0.0031381731
377,0,0.0004784706787581,1.119627513551292e-05,0.0004784706787581,0.003136872
378,0,0.0004785791309771,1.1084312384157791e-05,0.0004785791309771,0.003134114
379,0,0.0004775510554941,1.0973469260316213e-05,0.0004775510554941,0.0031373405
380,0,0.0004772661145027,1.086373456771305e-05,0.0004772661145027,0.0031390993
381,0,0.0004769115539202,1.075509722203592e-05,0.0004769115539202,0.0031345214
382,0,0.000476582157215,1.064754624981556e-05,0.000476582157215,0.003136919
383,0,0.0004761841741841,1.0541070787317403e-05,0.0004761841741841,0.0031346139
384,0,0.0004755670219072,1.043566007944423e-05,0.0004755670219072,0.0031375363
385,0,0.0004754981838833,1.0331303478649788e-05,0.0004754981838833,0.0031344907
386,0,0.0004751895267879,1.022799044386329e-05,0.0004751895267879,0.0031353973
387,0,0.0004743656737323,1.0125710539424656e-05,0.0004743656737323,0.0031420535
388,0,0.0004741663075762,1.0024453434030407e-05,0.0004741663075762,0.0031463108
389,0,0.000474218891638,9.924208899690105e-06,0.000474218891638,0.003135954
390,0,0.0004736529296864,9.824966810693205e-06,0.0004736529296864,0.0031390574
391,0,0.0004732463070075,9.726717142586271e-06,0.0004732463070075,0.0031349382
392,0,0.0004729679347945,9.629449971160408e-06,0.0004729679347945,0.003135906
393,0,0.0004725635611259,9.533155471448803e-06,0.0004725635611259,0.003135428
394,0,0.0004719810805624,9.437823916734315e-06,0.0004719810805624,0.0031405315
395,0,0.0004719812999188,9.343445677566971e-06,0.0004719812999188,0.0031373869
396,0,0.000471645727099,9.250011220791302e-06,0.000471645727099,0.0031408113
397,0,0.0004711585543485,9.15751110858339e-06,0.0004711585543485,0.0031368467
398,0,0.0004706080029358,9.065935997497556e-06,0.0004706080029358,0.0031447215
399,0,0.0004703799287668,8.97527663752258e-06,0.0004703799287668,0.0031347298
400,0,0.0004699861447123,8.885523871147353e-06,0.0004699861447123,0.0031366982
401,0,0.0004699147667143,8.796668632435879e-06,0.0004699147667143,0.0031433739
402,0,0.0004697673611691,8.70870194611152e-06,0.0004697673611691,0.003134531
403,0,0.0004691438087742,8.621614926650406e-06,0.0004691438087742,0.003138832
404,0,0.0004689561308993,8.535398777383902e-06,0.0004689561308993,0.0031354537
405,0,0.0004687398707487,8.450044789610064e-06,0.0004687398707487,0.003135138
406,0,0.0004683650427309,8.365544341713964e-06,0.0004683650427309,0.0031360118
407,0,0.0004681931147404,8.281888898296825e-06,0.0004681931147404,0.0031396628
408,0,0.0004676630174792,8.199070009313856e-06,0.0004676630174792,0.0031384095
409,0,0.0004675520746666,8.117079309220717e-06,0.0004675520746666,0.0031380884
410,0,0.0004672617722905,8.03590851612851e-06,0.0004672617722905,0.0031383343
411,0,0.0004668720501098,7.955549430967225e-06,0.0004668720501098,0.003140531
412,0,0.0004666235559787,7.875993936657554e-06,0.0004666235559787,0.003132303
413,0,0.0004665534190039,7.797233997290979e-06,0.0004665534190039,0.003137932
414,0,0.0004661446496399,7.71926165731807e-06,0.0004661446496399,0.0031375787
415,0,0.0004658715319699,7.642069040744888e-06,0.0004658715319699,0.0031355552
416,0,0.0004655966867697,7.565648350337439e-06,0.0004655966867697,0.0031378022
417,0,0.0004651282284074,7.489991866834064e-06,0.0004651282284074,0.003139004
418,0,0.0004649896560567,7.415091948165723e-06,0.0004649896560567,0.0031402723
419,0,0.0004647524562087,7.340941028684066e-06,0.0004647524562087,0.0031350562
420,0,0.0004645256842193,7.267531618397225e-06,0.0004645256842193,0.0031387883
421,0,0.0004642484071557,7.194856302213253e-06,0.0004642484071557,0.0031366039
422,0,0.0004640320085029,7.1229077391911205e-06,0.0004640320085029,0.0031366805
423,0,0.000463743228148,7.05167866179921e-06,0.000463743228148,0.0031383382
424,0,0.0004636449438967,6.981161875181218e-06,0.0004636449438967,0.0031348085
425,0,0.0004632365767329,6.9113502564294055e-06,0.0004632365767329,0.0031381347
426,0,0.000463089536082,6.842236753865111e-06,0.000463089536082,0.0031388486
427,0,0.0004627274058162,6.77381438632646e-06,0.0004627274058162,0.0031365268
428,0,0.0004625198527031,6.706076242463195e-06,0.0004625198527031,0.0031375033
429,0,0.0004621941861311,6.6390154800385626e-06,0.0004621941861311,0.0031387298
430,0,0.0004620364368662,6.572625325238177e-06,0.0004620364368662,0.0031390672
431,0,0.0004618199284699,6.506899071985796e-06,0.0004618199284699,0.0031394484
432,0,0.0004617466486547,6.441830081265938e-06,0.0004617466486547,0.0031386325
433,0,0.0004613254287485,6.377411780453279e-06,0.0004613254287485,0.0031389704
434,0,0.0004611777475241,6.3136376626487455e-06,0.0004611777475241,0.003137351
435,0,0.0004608378914583,6.250501286022258e-06,0.0004608378914583,0.0031396104
436,0,0.000460583983007,6.187996273162035e-06,0.000460583983007,0.0031395233
437,0,0.0004604968721818,6.126116310430415e-06,0.0004604968721818,0.0031394453
438,0,0.0004602213263715,6.06485514732611e-06,0.0004602213263715,0.0031409422
439,0,0.0004598596924199,6.004206595852849e-06,0.0004598596924199,0.0031393804
440,0,0.0004598163245119,5.94416452989432e-06,0.0004598163245119,0.003141722
441,0,0.0004595506451241,5.884722884595377e-06,0.0004595506451241,0.0031390695
442,0,0.0004593997973301,5.825875655749423e-06,0.0004593997973301,0.0031363145
443,0,0.0004592322799557,5.767616899191929e-06,0.0004592322799557,0.003138731
444,0,0.0004592118016459,5.70994073020001e-06,0.0004592118016459,0.0031396567
445,0,0.000458960871359,5.65284132289801e-06,0.000458960871359,0.0031381506
446,0,0.0004586345955287,5.59631290966903e-06,0.0004586345955287,0.003136552
447,0,0.0004583728711079,5.54034978057234e-06,0.0004583728711079,0.0031375936
448,0,0.0004581851702504,5.484946282766616e-06,0.0004581851702504,0.0031380844
449,0,0.0004580000739104,5.43009681993895e-06,0.0004580000739104,0.003138864
450,0,0.000457930995311,5.37579585173956e-06,0.000457930995311,0.0031366686
451,0,0.0004576984550618,5.322037893222165e-06,0.0004576984550618,0.0031394823
452,0,0.0004575724282816,5.268817514289944e-06,0.0004575724282816,0.003140214
453,0,0.0004573892538115,5.216129339147044e-06,0.0004573892538115,0.0031392858
454,0,0.0004570685350026,5.163968045755573e-06,0.0004570685350026,0.003139921
455,0,0.0004568970187488,5.112328365298017e-06,0.0004568970187488,0.0031427722
456,0,0.0004567592086404,5.061205081645037e-06,0.0004567592086404,0.0031405839
457,0,0.0004565393737575,5.0105930308285865e-06,0.0004565393737575,0.0031405434
458,0,0.0004563751586554,4.9604871005203006e-06,0.0004563751586554,0.0031417971
459,0,0.0004561245024801,4.910882229515097e-06,0.0004561245024801,0.0031378302
460,0,0.0004561189404852,4.861773407219946e-06,0.0004561189404852,0.003138913
461,0,0.0004558270156475,4.813155673147747e-06,0.0004558270156475,0.0031375433
462,0,0.0004557791960946,4.765024116416269e-06,0.0004557791960946,0.0031399282
463,0,0.0004554821681396,4.717373875252107e-06,0.0004554821681396,0.0031386963
464,0,0.0004553978436213,4.670200136499585e-06,0.0004553978436213,0.0031401748
465,0,0.0004552291918973,4.62349813513459e-06,0.0004552291918973,0.0031412845
466,0,0.000454959164748,4.577263153783244e-06,0.000454959164748,0.0031390435
467,0,0.0004549526150332,4.531490522245411e-06,0.0004549526150332,0.003139097
468,0,0.0004548235970436,4.486175617022957e-06,0.0004548235970436,0.0031397252
469,0,0.0004545993448823,4.441313860852727e-06,0.0004545993448823,0.003139038
470,0,0.0004544845990416,4.3969007222442e-06,0.0004544845990416,0.0031392318
471,0,0.0004542531327228,4.352931715021758e-06,0.0004542531327228,0.003139665
472,0,0.000454196076954,4.30940239787154e-06,0.000454196076954,0.003140026
473,0,0.0004539499463731,4.266308373892824e-06,0.0004539499463731,0.003139839
474,0,0.0004538915982598,4.223645290153896e-06,0.0004538915982598,0.0031401678
475,0,0.0004536462072091,4.181408837252357e-06,0.0004536462072091,0.0031393503
476,0,0.0004535119363747,4.139594748879833e-06,0.0004535119363747,0.0031412235
477,0,0.0004533947710437,4.098198801391035e-06,0.0004533947710437,0.003139849
478,0,0.0004532829240342,4.057216813377124e-06,0.0004532829240342,0.0031391962
479,0,0.0004530652339049,4.016644645243353e-06,0.0004530652339049,0.0031409194
480,0,0.0004529349714489,3.976478198790919e-06,0.0004529349714489,0.0031402663
481,0,0.000452766522248,3.93671341680301e-06,0.000452766522248,0.0031397438
482,0,0.0004526445425985,3.897346282634981e-06,0.0004526445425985,0.003140935
483,0,0.0004525936669287,3.858372819808631e-06,0.0004525936669287,0.0031413487
484,0,0.0004524373963325,3.8197890916105445e-06,0.0004524373963325,0.0031404162
485,0,0.0004522154976344,3.781591200694439e-06,0.0004522154976344,0.0031407455
486,0,0.0004521852462881,3.7437752886874953e-06,0.0004521852462881,0.0031406705
487,0,0.0004520325125585,3.70633753580062e-06,0.0004520325125585,0.003140295
488,0,0.0004518385207853,3.669274160442613e-06,0.0004518385207853,0.003137923
489,0,0.0004517142823744,3.6325814188381873e-06,0.0004517142823744,0.0031403566
490,0,0.0004516528003412,3.596255604649805e-06,0.0004516528003412,0.0031416828
491,0,0.0004514645890329,3.560293048603307e-06,0.0004514645890329,0.0031411413
492,0,0.0004513846693733,3.524690118117274e-06,0.0004513846693733,0.0031396835
493,0,0.0004512570931571,3.489443216936101e-06,0.0004512570931571,0.0031401287
494,0,0.0004510507374067,3.4545487847667406e-06,0.0004510507374067,0.003140562
495,0,0.0004510336686867,3.420003296919073e-06,0.0004510336686867,0.003141715
496,0,0.0004508249459989,3.385803263949882e-06,0.0004508249459989,0.0031393028
497,0,0.0004508252604118,3.3519452313103837e-06,0.0004508252604118,0.0031412202
498,0,0.0004507081181194,3.318425778997279e-06,0.0004507081181194,0.0031422735
499,0,0.0004505908603727,3.2852415212073063e-06,0.0004505908603727,0.003139644
0,1,0.03855061972273126,0.000495,0.03855061972273126,0.01894879899919033
1,1,0.015665964736134703,0.00049005,0.015665964736134703,0.013543515466153622
2,1,0.012874084655744892,0.0004851495,0.012874084655744892,0.01249274518340826
3,1,0.011266125624079129,0.00048029800499999997,0.011266125624079129,0.011211336590349674
4,1,0.010280133104987942,0.00047549502494999995,0.010280133104987942,0.009786547161638737
5,1,0.00951139394145515,0.00047074007470049995,0.00951139394145515,0.010080268606543541
6,1,0.008888623922640466,0.00046603267395349497,0.008888623922640466,0.00911097601056099
7,1,0.008345343710621147,0.00046137234721396,0.008345343710621147,0.00846987497061491
8,1,0.007982914952030355,0.0004567586237418204,0.007982914952030355,0.00844727735966444
9,1,0.007576124166634439,0.00045219103750440215,0.007576124166634439,0.008902021683752537
10,1,0.007231914474362816,0.00044766912712935813,0.007231914474362816,0.007816708646714687
11,1,0.006941905651276178,0.00044319243585806456,0.006941905651276178,0.007414285093545914
12,1,0.006737422098475232,0.0004387605114994839,0.006737422098475232,0.007472050841897726
13,1,0.0064853830167467715,0.00043437290638448904,0.0064853830167467715,0.008115685544908047
14,1,0.006275162915064666,0.00043002917732064413,0.006275162915064666,0.007202275563031435
15,1,0.006066660193485155,0.0004257288855474377,0.006066660193485155,0.007053672336041927
16,1,0.005965894340911033,0.0004214715966919633,0.005965894340911033,0.007309579756110907
17,1,0.005739909340396079,0.00041725688072504364,0.005739909340396079,0.006688014604151249
18,1,0.005538276854216331,0.0004130843119177932,0.005538276854216331,0.006348659284412861
19,1,0.005395162229462932,0.0004089534687986153,0.005395162229462932,0.006504099816083908
20,1,0.005291916004347138,0.00040486393411062917,0.005291916004347138,0.0059492336586117744
21,1,0.005162320327002982,0.00040081529476952287,0.005162320327002982,0.0065614511258900166
22,1,0.005016306861900641,0.00039680714182182766,0.005016306861900641,0.0075075021013617516
23,1,0.004896732766071347,0.0003928390704036094,0.004896732766071347,0.005945401731878519
24,1,0.004773304431629643,0.0003889106796995733,0.004773304431629643,0.006091407034546137
25,1,0.0046915788309181035,0.0003850215729025775,0.0046915788309181035,0.00590777862817049
26,1,0.004534846412629467,0.0003811713571735517,0.004534846412629467,0.005691766273230314
27,1,0.004403046535867893,0.0003773596436018162,0.004403046535867893,0.005306985229253769
28,1,0.004320643327589188,0.00037358604716579804,0.004320643327589188,0.00579995708540082
29,1,0.004249459051184593,0.00036985018669414004,0.004249459051184593,0.005893105641007423
30,1,0.004143980221947373,0.00036615168482719864,0.004143980221947373,0.005642841570079327
31,1,0.004083577343586709,0.00036249016797892665,0.004083577343586709,0.005218153353780508
32,1,0.003985730328669688,0.00035886526629913735,0.003985730328669688,0.005617234390228987
33,1,0.00390742646722716,0.000355276613636146,0.00390742646722716,0.005677858367562294
34,1,0.0038126633427445944,0.0003517238474997845,0.0038126633427445944,0.005261066369712353
35,1,0.003705236174289523,0.00034820660902478665,0.003705236174289523,0.005362479481846094
36,1,0.003651773286127892,0.0003447245429345388,0.003651773286127892,0.005180670879781246
37,1,0.0035672501450223575,0.0003412772975051934,0.0035672501450223575,0.005126160103827715
38,1,0.0034880206605411154,0.0003378645245301415,0.0034880206605411154,0.005611380096524954
39,1,0.003427336899069194,0.00033448587928484007,0.003427336899069194,0.0050268773920834064
40,1,0.0033613976683338036,0.00033114102049199164,0.0033613976683338036,0.005048373714089394
41,1,0.0033162183817458117,0.0003278296102870717,0.0033162183817458117,0.004894882440567017
42,1,0.0032564707786192967,0.00032455131418420097,0.0032564707786192967,0.005039244424551725
43,1,0.003184065733452212,0.00032130580104235894,0.003184065733452212,0.004755962174385786
44,1,0.0031357212415778412,0.00031809274303193537,0.0031357212415778412,0.004792167339473963
45,1,0.0030982190076919865,0.000314911815601616,0.0030982190076919865,0.004784794058650732
46,1,0.0030322639888517365,0.00031176269744559985,0.0030322639888517365,0.004706244915723801
47,1,0.003014951715476957,0.00030864507047114386,0.003014951715476957,0.005106336437165737
48,1,0.0028930441857115243,0.00030555861976643245,0.0028930441857115243,0.004536900203675032
49,1,0.0028465696069752034,0.0003025030335687681,0.0028465696069752034,0.004485405515879393
50,1,0.0028445157959236717,0.00029947800323308046,0.0028445157959236717,0.004844473209232092
51,1,0.0027774751918902786,0.00029648322320074966,0.0027774751918902786,0.004506885074079037
52,1,0.0027619254856414283,0.0002935183909687422,0.0027619254856414283,0.005134305916726589
53,1,0.0027392387957320824,0.00029058320705905476,0.0027392387957320824,0.004742208868265152
54,1,0.0026280412953717225,0.00028767737498846423,0.0026280412953717225,0.00456647016108036
55,1,0.002621571735718412,0.0002848006012385796,0.002621571735718412,0.0048482646234333515
56,1,0.00258686869242027,0.0002819525952261938,0.00258686869242027,0.004358039703220129
57,1,0.002535306944061846,0.00027913306927393185,0.002535306944061846,0.005081081297248602
58,1,0.002489111692748866,0.0002763417385811925,0.002489111692748866,0.0044472115114331245
59,1,0.002456525153866854,0.0002735783211953806,0.002456525153866854,0.0042738295160233974
60,1,0.002388056619987119,0.0002708425379834268,0.002388056619987119,0.004128571134060621
61,1,0.0023818409480793512,0.0002681341126035925,0.0023818409480793512,0.004507951904088259
62,1,0.0023587074561648336,0.0002654527714775566,0.0023587074561648336,0.00441627437248826
63,1,0.0022843214518633356,0.000262798243762781,0.0022843214518633356,0.004519740119576454
64,1,0.002300377004781667,0.0002601702613251532,0.002300377004781667,0.004722822457551956
65,1,0.0022595132057698047,0.0002575685587119017,0.0022595132057698047,0.004074302036315203
66,1,0.002208763180785365,0.00025499287312478265,0.002208763180785365,0.004074546508491039
67,1,0.0021874002695624673,0.0002524429443935348,0.0021874002695624673,0.004348027519881725
68,1,0.0021870777684402133,0.00024991851494959947,0.0021870777684402133,0.004060999024659395
69,1,0.0021449007657059456,0.0002474193298001035,0.0021449007657059456,0.004347062669694424
70,1,0.0021014018573999194,0.0002449451365021024,0.0021014018573999194,0.003876417875289917
71,1,0.002081149814825991,0.0002424956851370814,0.002081149814825991,0.004082051571458578
72,1,0.0020268008414079334,0.00024007072828571057,0.0020268008414079334,0.004152021370828152
73,1,0.0020231500601440157,0.00023767002100285347,0.0020231500601440157,0.004135606810450554
74,1,0.0019808727998552834,0.00023529332079282495,0.0019808727998552834,0.004074906464666128
75,1,0.001971526211956244,0.0002329403875848967,0.001971526211956244,0.003998919855803251
76,1,0.001957674831469669,0.00023061098370904772,0.001957674831469669,0.004069889895617962
77,1,0.001918566376477708,0.00022830487387195725,0.001918566376477708,0.003998864907771349
78,1,0.0019187540107855467,0.00022602182513323767,0.0019187540107855467,0.004020161926746368
79,1,0.001875977925212744,0.0002237616068819053,0.001875977925212744,0.003950740676373243
80,1,0.0018550099791523275,0.00022152399081308625,0.0018550099791523275,0.003953528590500355
81,1,0.0018380192206727904,0.00021930875090495538,0.0018380192206727904,0.0039044131990522146
82,1,0.001824867382542442,0.00021711566339590582,0.001824867382542442,0.0038346571382135153
83,1,0.0017782326347429607,0.00021494450676194676,0.0017782326347429607,0.004111166577786207
84,1,0.0017651452655441469,0.0002127950616943273,0.0017651452655441469,0.003860223339870572
85,1,0.0017538038048455472,0.00021066711107738402,0.0017538038048455472,0.004074552096426487
86,1,0.0017424697560779558,0.00020856043996661018,0.0017424697560779558,0.004120449535548687
87,1,0.0016998216872165918,0.00020647483556694406,0.0016998216872165918,0.004269798286259174
88,1,0.001690242226235867,0.0002044100872112746,0.001690242226235867,0.003955593332648277
89,1,0.0016708240120623316,0.00020236598633916185,0.0016708240120623316,0.0039595020934939384
90,1,0.0016324594494838622,0.00020034232647577022,0.0016324594494838622,0.0038941081147640944
91,1,0.0016392123943007228,0.00019833890321101252,0.0016392123943007228,0.00377205410040915
92,1,0.0016073646237851251,0.0001963555141789024,0.0016073646237851251,0.0038652103394269943
93,1,0.001603280873504133,0.00019439195903711337,0.001603280873504133,0.003845596918836236
94,1,0.0016085413345924044,0.00019244803944674224,0.0016085413345924044,0.0038589821197092533
95,1,0.0015628532468342485,0.00019052355905227483,0.0015628532468342485,0.0037866230122745037
96,1,0.0015392101503942674,0.00018861832346175208,0.0015392101503942674,0.004089865367859602
97,1,0.0015314709450858464,0.00018673214022713456,0.0015314709450858464,0.004186316393315792
98,1,0.0015021118561015531,0.00018486481882486322,0.0015021118561015531,0.0035968399606645107
99,1,0.0014939843242153113,0.00018301617063661458,0.0014939843242153113,0.0037161759100854397
100,1,0.0014809874897081024,0.00018118600893024842,0.0014809874897081024,0.0036152550019323826
101,1,0.0014573429052309802,0.00017937414884094594,0.0014573429052309802,0.003682900918647647
102,1,0.0014664245887028556,0.00017758040735253649,0.0014664245887028556,0.0036781879607588053
103,1,0.001428394350941368,0.0001758046032790111,0.001428394350941368,0.0036943810991942883
104,1,0.0014258934615522386,0.000174046557246221,0.0014258934615522386,0.0036241186317056417
105,1,0.001401342913501249,0.00017230609167375878,0.001401342913501249,0.0035375093575567007
106,1,0.0013964596137387422,0.0001705830307570212,0.0013964596137387422,0.003753379452973604
107,1,0.0013847761255524438,0.00016887720044945099,0.0013847761255524438,0.003595212707296014
108,1,0.0013721194263827145,0.0001671884284449565,0.0013721194263827145,0.0035063456743955612
109,1,0.0013365422930479176,0.00016551654416050693,0.0013365422930479176,0.0035587013699114323
110,1,0.0013536157973285951,0.00016386137871890187,0.0013536157973285951,0.003627651371061802
111,1,0.0013136432747671313,0.00016222276493171284,0.0013136432747671313,0.0035638539120554924
112,1,0.0013106914165329144,0.0001606005372823957,0.0013106914165329144,0.00352680217474699
113,1,0.0013034153025101366,0.00015899453190957176,0.0013034153025101366,0.0036385178100317717
114,1,0.0012786259524634393,0.00015740458659047605,0.0012786259524634393,0.003490969305858016
115,1,0.0012597789951978157,0.0001558305407245713,0.0012597789951978157,0.003627628553658724
116,1,0.0012716692402242537,0.00015427223531732558,0.0012716692402242537,0.003598166396841407
117,1,0.0012458403310080099,0.00015272951296415232,0.0012458403310080099,0.003526089247316122
118,1,0.0012392109775900514,0.00015120221783451079,0.0012392109775900514,0.0034742846619337797
119,1,0.001223568227188378,0.00014969019565616568,0.001223568227188378,0.00366855482570827
120,1,0.001214564293587139,0.00014819329369960402,0.001214564293587139,0.003525644075125456
121,1,0.0012080698704353583,0.000146711360762608,0.0012080698704353583,0.0035128386225551367
122,1,0.0011889402733031218,0.0001452442471549819,0.0011889402733031218,0.003398752538487315
123,1,0.0011779669875371036,0.0001437918046834321,0.0011779669875371036,0.003550558118149638
124,1,0.0011709471645886835,0.00014235388663659778,0.0011709471645886835,0.003563533304259181
125,1,0.0011721286084122224,0.0001409303477702318,0.0011721286084122224,0.003416370367631316
126,1,0.0011588100978796188,0.00013952104429252948,0.0011588100978796188,0.0034328231122344732
127,1,0.0011504987983612935,0.00013812583384960418,0.0011504987983612935,0.0034988392144441605
128,1,0.0011260376505590449,0.00013674457551110812,0.0011260376505590449,0.0034668901935219765
129,1,0.0011289114810225684,0.00013537712975599705,0.0011289114810225684,0.0034412071108818054
130,1,0.0011142872693412765,0.00013402335845843707,0.0011142872693412765,0.0034745344892144203
131,1,0.0010914278538994976,0.0001326831248738527,0.0010914278538994976,0.0034218034707009792
132,1,0.001093198665816805,0.00013135629362511417,0.001093198665816805,0.00342481373809278
133,1,0.0010805519754534367,0.000130042730688863,0.0010805519754534367,0.0034271564800292253
134,1,0.0010803532157001917,0.00012874230338197438,0.0010803532157001917,0.0034082031343132257
135,1,0.0010725661868543931,0.00012745488034815463,0.0010725661868543931,0.0034114832524210215
136,1,0.001053349040753234,0.00012618033154467308,0.001053349040753234,0.0033550364896655083
137,1,0.001053487219376404,0.00012491852822922635,0.001053487219376404,0.0033482536673545837
138,1,0.001043776022776443,0.0001236693429469341,0.001043776022776443,0.003520953468978405
139,1,0.0010347130031179506,0.00012243264951746475,0.0010347130031179506,0.003307962091639638
140,1,0.0010229123858708092,0.0001212083230222901,0.0010229123858708092,0.0034542314242571592
141,1,0.0010164565639159786,0.0001199962397920672,0.0010164565639159786,0.0033604283817112446
142,1,0.0010154914573275698,0.00011879627739414653,0.0010154914573275698,0.0032915198244154453
143,1,0.00100214515443779,0.00011760831462020507,0.00100214515443779,0.0033280029892921448
144,1,0.0009977875510529257,0.00011643223147400301,0.0009977875510529257,0.0033588511869311333
145,1,0.000981522384042929,0.00011526790915926298,0.000981522384042929,0.0033312684390693903
146,1,0.000979057833198225,0.00011411523006767035,0.000979057833198225,0.0033371003810316324
147,1,0.000972223470532301,0.00011297407776699364,0.000972223470532301,0.0034022026229649782
148,1,0.0009729331087731016,0.0001118443369893237,0.0009729331087731016,0.0032805264927446842
149,1,0.0009572351305919027,0.00011072589361943047,0.0009572351305919027,0.003302613738924265
150,1,0.0009482608218347393,0.00010961863468323616,0.0009482608218347393,0.0032713424880057573
151,1,0.0009538814423676866,0.0001085224483364038,0.0009538814423676866,0.003240227233618498
152,1,0.0009342649899957312,0.00010743722385303976,0.0009342649899957312,0.0032698200084269047
153,1,0.0009353351569518031,0.00010636285161450936,0.0009353351569518031,0.0033149670343846083
154,1,0.0009222202623784351,0.00010529922309836427,0.0009222202623784351,0.0032754242420196533
155,1,0.0009230879715938836,0.00010424623086738062,0.0009230879715938836,0.0033849480096250772
156,1,0.0009138516957409388,0.00010320376855870681,0.0009138516957409388,0.003319981973618269
157,1,0.0008994257334087811,0.00010217173087311974,0.0008994257334087811,0.0032718142028898
158,1,0.0008990648837302343,0.00010115001356438854,0.0008990648837302343,0.0033636961597949266
159,1,0.0008876669968909257,0.00010013851342874465,0.0008876669968909257,0.0033036544919013977
160,1,0.000894253092032504,9.913712829445721e-05,0.000894253092032504,0.0032146191224455833
161,1,0.0008894805866054732,9.814575701151263e-05,0.0008894805866054732,0.0032649498898535967
162,1,0.0008735087970119423,9.71642994413975e-05,0.0008735087970119423,0.0032504533883184195
163,1,0.0008678316862893307,9.619265644698353e-05,0.0008678316862893307,0.0033192522823810577
164,1,0.0008620675728988092,9.523072988251369e-05,0.0008620675728988092,0.003268859349191189
165,1,0.0008539467399697136,9.427842258368855e-05,0.0008539467399697136,0.0032485174015164375
166,1,0.0008549937426841765,9.333563835785166e-05,0.0008549937426841765,0.0032194401137530804
167,1,0.0008514095886075065,9.240228197427314e-05,0.0008514095886075065,0.0032160705886781216
168,1,0.000844620013554736,9.14782591545304e-05,0.000844620013554736,0.0032405387610197067
169,1,0.0008393105247825965,9.05634765629851e-05,0.0008393105247825965,0.0032593323849141598
170,1,0.0008297223092968874,8.965784179735525e-05,0.0008297223092968874,0.0032006753608584404
171,1,0.0008261778525277015,8.87612633793817e-05,0.0008261778525277015,0.0032590485643595457
172,1,0.0008208576708365591,8.787365074558789e-05,0.0008208576708365591,0.0031839278526604176
173,1,0.0008114986855082236,8.6994914238132e-05,0.0008114986855082236,0.0031916038133203983
174,1,0.0008134433920940121,8.612496509575069e-05,0.0008134433920940121,0.0032137322705239058
175,1,0.0008069676846367615,8.526371544479318e-05,0.0008069676846367615,0.003210610942915082
176,1,0.000803869261406586,8.441107829034525e-05,0.000803869261406586,0.003285008482635021
177,1,0.0008008502976241503,8.35669675074418e-05,0.0008008502976241503,0.0033224071376025677
178,1,0.0007952161513775965,8.273129783236739e-05,0.0007952161513775965,0.0031921088229864836
179,1,0.0007908004355934425,8.190398485404371e-05,0.0007908004355934425,0.0031947160605341196
180,1,0.0007890274891775083,8.108494500550328e-05,0.0007890274891775083,0.003230268368497491
181,1,0.0007861417954925414,8.027409555544825e-05,0.0007861417954925414,0.0032352840062230825
182,1,0.0007746019832408143,7.947135459989377e-05,0.0007746019832408143,0.0032373936846852303
183,1,0.0007744283136954539,7.867664105389484e-05,0.0007744283136954539,0.003250313689932227
184,1,0.0007680896426736621,7.78898746433559e-05,0.0007680896426736621,0.003199614118784666
185,1,0.0007678782131617549,7.711097589692234e-05,0.0007678782131617549,0.0032385496888309717
186,1,0.0007571132026178898,7.633986613795311e-05,0.0007571132026178898,0.0031732565257698298
187,1,0.0007556826169980297,7.557646747657357e-05,0.0007556826169980297,0.0031841120216995478
188,1,0.0007514575782856651,7.482070280180784e-05,0.0007514575782856651,0.0032003745436668396
189,1,0.0007501576904848107,7.407249577378977e-05,0.0007501576904848107,0.0032215442042797804
190,1,0.0007439912257360879,7.333177081605188e-05,0.0007439912257360879,0.003157764207571745
191,1,0.000739613297874581,7.259845310789136e-05,0.000739613297874581,0.003148856572806835
192,1,0.0007390835518095046,7.187246857681245e-05,0.0007390835518095046,0.0031428791116923094
193,1,0.0007339990834035779,7.115374389104432e-05,0.0007339990834035779,0.003147257724776864
194,1,0.0007292646082849267,7.044220645213387e-05,0.0007292646082849267,0.003161631990224123
195,1,0.0007269922947068707,6.973778438761253e-05,0.0007269922947068707,0.003154986072331667
196,1,0.0007237278235704184,6.904040654373641e-05,0.0007237278235704184,0.0031950054690241814
197,1,0.0007202535548360714,6.835000247829904e-05,0.0007202535548360714,0.003202884690836072
198,1,0.000719623966116408,6.766650245351605e-05,0.000719623966116408,0.0031598329078406096
199,1,0.0007118275242483045,6.698983742898089e-05,0.0007118275242483045,0.003168919589370489
200,1,0.0007136729921842978,6.631993905469108e-05,0.0007136729921842978,0.0031430090311914682
201,1,0.0007075445758743626,6.565673966414417e-05,0.0007075445758743626,0.0031540710479021072
202,1,0.0007017907725927623,6.500017226750272e-05,0.0007017907725927623,0.003198193619027734
203,1,0.0006993191848822839,6.43501705448277e-05,0.0006993191848822839,0.003140557324513793
204,1,0.0006952868995886611,6.370666883937942e-05,0.0006952868995886611,0.0031401258893311024
205,1,0.0006914215684417813,6.306960215098562e-05,0.0006914215684417813,0.0031497920863330364
206,1,0.0006879882092701713,6.243890612947576e-05,0.0006879882092701713,0.0031893528066575527
207,1,0.0006858210744066465,6.1814517068181e-05,0.0006858210744066465,0.003144733142107725
208,1,0.0006838287541781782,6.11963718974992e-05,0.0006838287541781782,0.0032085636630654335
209,1,0.0006801940099179891,6.05844081785242e-05,0.0006801940099179891,0.0031420474406331778
210,1,0.0006759106426784346,5.997856409673896e-05,0.0006759106426784346,0.0031616282649338245
211,1,0.0006753763895133661,5.937877845577157e-05,0.0006753763895133661,0.003157215192914009
212,1,0.0006719182012192116,5.878499067121386e-05,0.0006719182012192116,0.0031703412532806396
213,1,0.000671278474522195,5.819714076450172e-05,0.000671278474522195,0.003195341909304261
214,1,0.0006659941545821387,5.76151693568567e-05,0.0006659941545821387,0.0031670061871409416
215,1,0.0006617468823722088,5.703901766328813e-05,0.0006617468823722088,0.0031521152704954147
216,1,0.0006625894908542449,5.646862748665525e-05,0.0006625894908542449,0.0031239325180649757
217,1,0.0006575754046548814,5.5903941211788693e-05,0.0006575754046548814,0.0031255960930138826
218,1,0.0006555219366441058,5.5344901799670804e-05,0.0006555219366441058,0.003148999297991395
219,1,0.0006558673010319985,5.47914527816741e-05,0.0006558673010319985,0.0031345724128186703
220,1,0.0006478273941914761,5.4243538253857354e-05,0.0006478273941914761,0.0031147203408181667
221,1,0.0006501293671948183,5.3701102871318776e-05,0.0006501293671948183,0.0031246307771652937
222,1,0.0006469629452395563,5.316409184260559e-05,0.0006469629452395563,0.0031274098437279463
223,1,0.0006411577405996409,5.2632450924179534e-05,0.0006411577405996409,0.003133239457383752
224,1,0.0006426789978922635,5.210612641493774e-05,0.0006426789978922635,0.003133943770080805
225,1,0.0006409293060433884,5.1585065150788364e-05,0.0006409293060433884,0.0031197762582451105
226,1,0.0006358112693596608,5.106921449928048e-05,0.0006358112693596608,0.0031277595553547144
227,1,0.000633900994154272,5.055852235428768e-05,0.000633900994154272,0.003143572947010398
228,1,0.0006321268553210917,5.00529371307448e-05,0.0006321268553210917,0.00312239583581686
229,1,0.0006295241306587556,4.955240775943735e-05,0.0006295241306587556,0.003127639414742589
230,1,0.0006252213248411362,4.905688368184298e-05,0.0006252213248411362,0.003116350620985031
231,1,0.000623188092026641,4.8566314845024545e-05,0.000623188092026641,0.0031404532492160797
232,1,0.0006200476593627443,4.8080651696574296e-05,0.0006200476593627443,0.0031095247250050306
233,1,0.0006211656478686606,4.7599845179608553e-05,0.0006211656478686606,0.003107008757069707
234,1,0.0006157973502488206,4.712384672781247e-05,0.0006157973502488206,0.0031052990816533566
235,1,0.0006161817185284075,4.665260826053434e-05,0.0006161817185284075,0.0031187692657113075
236,1,0.0006113789078771158,4.6186082177929e-05,0.0006113789078771158,0.003102371469140053
237,1,0.0006123793290851267,4.572422135614971e-05,0.0006123793290851267,0.0031236258801072836
238,1,0.0006077973226917046,4.526697914258821e-05,0.0006077973226917046,0.0031249902676790953
239,1,0.0006074563538873316,4.481430935116233e-05,0.0006074563538873316,0.0031247783917933702
240,1,0.0006078731625709795,4.436616625765071e-05,0.0006078731625709795,0.003132760990411043
241,1,0.0006034523194551865,4.39225045950742e-05,0.0006034523194551865,0.00312523590400815
242,1,0.0006004024224253398,4.348327954912346e-05,0.0006004024224253398,0.0031225017737597227
243,1,0.0005995278026131241,4.304844675363222e-05,0.0005995278026131241,0.0031086942180991173
244,1,0.0005978719156010614,4.26179622860959e-05,0.0005978719156010614,0.003122291760519147
245,1,0.0005948820159823997,4.2191782663234945e-05,0.0005948820159823997,0.003104289760813117
246,1,0.0005922597756014516,4.176986483660259e-05,0.0005922597756014516,0.0031483895145356655
247,1,0.0005923649919204833,4.1352166188236566e-05,0.0005923649919204833,0.003145334543660283
248,1,0.0005901152488528314,4.09386445263542e-05,0.0005901152488528314,0.003123705741018057
249,1,0.000591524689611416,4.052925808109066e-05,0.000591524689611416,0.0030879825353622437
250,1,0.0005860157257047341,4.012396550027976e-05,0.0005860157257047341,0.003106327960267663
251,1,0.000586532927720287,3.972272584527696e-05,0.000586532927720287,0.003100911621004343
252,1,0.0005841914229625738,3.932549858682419e-05,0.0005841914229625738,0.0031127077527344227
253,1,0.0005817294520385379,3.893224360095595e-05,0.0005817294520385379,0.0031096506863832474
254,1,0.000581011134511085,3.854292116494639e-05,0.000581011134511085,0.003125919494777918
255,1,0.0005787561907876838,3.815749195329693e-05,0.0005787561907876838,0.0031280687544494867
256,1,0.0005762022967355069,3.777591703376396e-05,0.0005762022967355069,0.003105300012975931
257,1,0.0005749173129978313,3.739815786342632e-05,0.0005749173129978313,0.0030919290147721767
258,1,0.0005748801444576974,3.702417628479206e-05,0.0005748801444576974,0.003098495537415147
259,1,0.000570965871324153,3.665393452194414e-05,0.000570965871324153,0.0031002501491457224
260,1,0.0005708392965633472,3.62873951767247e-05,0.0005708392965633472,0.003105688141658902
261,1,0.0005694458888800807,3.592452122495745e-05,0.0005694458888800807,0.0031011260580271482
262,1,0.0005671289668001328,3.556527601270788e-05,0.0005671289668001328,0.003087391844019294
263,1,0.0005651729840710018,3.52096232525808e-05,0.0005651729840710018,0.0030956286936998367
264,1,0.0005648080948013162,3.485752702005499e-05,0.0005648080948013162,0.0031059563625603914
265,1,0.0005631993201536788,3.450895174985444e-05,0.0005631993201536788,0.0031584305688738823
266,1,0.0005600203927518258,3.416386223235589e-05,0.0005600203927518258,0.0030967742204666138
267,1,0.0005614663593868333,3.3822223610032335e-05,0.0005614663593868333,0.0030955171678215265
268,1,0.0005587835655893005,3.348400137393201e-05,0.0005587835655893005,0.0031102467328310013
269,1,0.000558186676950036,3.314916136019269e-05,0.000558186676950036,0.0031197182834148407
270,1,0.0005554673648622985,3.281766974659076e-05,0.0005554673648622985,0.00309442775323987
271,1,0.0005556411957617583,3.248949304912486e-05,0.0005556411957617583,0.003107841359451413
272,1,0.000553790748308739,3.2164598118633607e-05,0.000553790748308739,0.0030974289402365685
273,1,0.0005512935528479416,3.184295213744727e-05,0.0005512935528479416,0.003091716207563877
274,1,0.0005509280778345082,3.15245226160728e-05,0.0005509280778345082,0.0030963849276304245
275,1,0.0005495910873433857,3.120927738991207e-05,0.0005495910873433857,0.003096652450039983
276,1,0.0005483196164423414,3.089718461601295e-05,0.0005483196164423414,0.0030848514288663864
277,1,0.0005471559898363759,3.058821276985282e-05,0.0005471559898363759,0.003090356709435582
278,1,0.0005464720034635315,3.0282330642154294e-05,0.0005464720034635315,0.0030957870185375214
279,1,0.0005444425961464636,2.997950733573275e-05,0.0005444425961464636,0.003104626201093197
280,1,0.000543396871770398,2.967971226237542e-05,0.000543396871770398,0.003090868704020977
281,1,0.0005427024824997609,2.9382915139751665e-05,0.0005427024824997609,0.003099006600677967
282,1,0.0005410715759240339,2.9089085988354148e-05,0.0005410715759240339,0.0030981923919171095
283,1,0.0005398691465497989,2.8798195128470606e-05,0.0005398691465497989,0.0030845962464809418
284,1,0.000538533876786494,2.85102131771859e-05,0.000538533876786494,0.00309305009432137
285,1,0.0005381945196475563,2.822511104541404e-05,0.0005381945196475563,0.0030900994315743446
286,1,0.0005368489543878977,2.7942859934959898e-05,0.0005368489543878977,0.0030973125249147415
287,1,0.0005348605815029031,2.7663431335610298e-05,0.0005348605815029031,0.0030940258875489235
288,1,0.0005348084148043589,2.7386797022254193e-05,0.0005348084148043589,0.0030964233446866274
289,1,0.0005334415991668765,2.711292905203165e-05,0.0005334415991668765,0.003088834695518017
290,1,0.0005319210886548423,2.6841799761511332e-05,0.0005319210886548423,0.0031127729453146458
291,1,0.0005310144071802694,2.657338176389622e-05,0.0005310144071802694,0.00309572066180408
292,1,0.0005303829458031419,2.6307647946257257e-05,0.0005303829458031419,0.003100670874118805
293,1,0.0005288501290737198,2.6044571466794686e-05,0.0005288501290737198,0.0030931055080145597
294,1,0.0005276284790408993,2.578412575212674e-05,0.0005276284790408993,0.0031148975249379873
295,1,0.0005270429262829453,2.552628449460547e-05,0.0005270429262829453,0.0031016741413623095
296,1,0.0005263447017545067,2.5271021649659417e-05,0.0005263447017545067,0.003094232175499201
297,1,0.000524781292765579,2.501831143316282e-05,0.000524781292765579,0.0030883278232067823
298,1,0.0005240255065524933,2.476812831883119e-05,0.0005240255065524933,0.0031057572923600674
299,1,0.0005228227905162592,2.452044703564288e-05,0.0005228227905162592,0.0030807838775217533
300,1,0.0005214487419097317,2.427524256528645e-05,0.0005214487419097317,0.0030914200469851494
301,1,0.0005208104339474678,2.4032490139633585e-05,0.0005208104339474678,0.0030888651963323355
302,1,0.0005203745784817258,2.379216523823725e-05,0.0005203745784817258,0.0031054008286446333
303,1,0.0005189851550092731,2.3554243585854878e-05,0.0005189851550092731,0.0030920624267309904
304,1,0.0005185666594698514,2.3318701149996328e-05,0.0005185666594698514,0.0030866710003465414
305,1,0.000516912138676877,2.3085514138496364e-05,0.000516912138676877,0.0030911811627447605
306,1,0.0005165190260445877,2.2854658997111402e-05,0.0005165190260445877,0.003087793942540884
307,1,0.0005163593322444592,2.2626112407140287e-05,0.0005163593322444592,0.0030962482560425997
308,1,0.0005150073767298103,2.2399851283068885e-05,0.0005150073767298103,0.0030874244403094053
309,1,0.000514611212478317,2.2175852770238197e-05,0.000514611212478317,0.003088186029344797
310,1,0.0005133858168319718,2.1954094242535813e-05,0.0005133858168319718,0.003092498518526554
311,1,0.0005121551106276923,2.1734553300110456e-05,0.0005121551106276923,0.003084109863266349
312,1,0.0005116338057838543,2.151720776710935e-05,0.0005116338057838543,0.0030978587456047535
313,1,0.0005109736904306036,2.130203568943826e-05,0.0005109736904306036,0.003087153658270836
314,1,0.0005100877262737319,2.1089015332543877e-05,0.0005100877262737319,0.0030883238650858402
315,1,0.0005083805839170569,2.0878125179218437e-05,0.0005083805839170569,0.003095015184953809
316,1,0.0005092371759731526,2.0669343927426253e-05,0.0005092371759731526,0.0030917925760149956
317,1,0.0005068591851456662,2.0462650488151992e-05,0.0005068591851456662,0.0030904521699994802
318,1,0.000506320096004522,2.0258023983270473e-05,0.000506320096004522,0.0030801931861788034
319,1,0.0005059211051356406,2.0055443743437767e-05,0.0005059211051356406,0.003085626754909754
320,1,0.000505029954646322,1.985488930600339e-05,0.000505029954646322,0.0030915234237909317
321,1,0.0005045901440549343,1.9656340412943357e-05,0.0005045901440549343,0.0030941152945160866
322,1,0.0005037416232869706,1.9459777008813923e-05,0.0005037416232869706,0.0030889937188476324
323,1,0.0005027156389035038,1.9265179238725783e-05,0.0005027156389035038,0.0030917024705559015
324,1,0.000501670926163148,1.9072527446338524e-05,0.000501670926163148,0.0030847666785120964
325,1,0.0005014843767684738,1.888180217187514e-05,0.0005014843767684738,0.003087967401370406
326,1,0.0005008424301275673,1.869298415015639e-05,0.0005008424301275673,0.0030974559485912323
327,1,0.0005000661718938291,1.8506054308654825e-05,0.0005000661718938291,0.003092647297307849
328,1,0.0004996721346947117,1.8320993765568277e-05,0.0004996721346947117,0.0030941597651690245
329,1,0.0004982857125559412,1.8137783827912593e-05,0.0004982857125559412,0.0030868963804095984
330,1,0.0004978909611512506,1.7956405989633468e-05,0.0004978909611512506,0.0030846605077385902
331,1,0.0004974187957596944,1.7776841929737134e-05,0.0004974187957596944,0.003085947595536709
332,1,0.0004969179885784858,1.7599073510439762e-05,0.0004969179885784858,0.003088758559897542
333,1,0.0004960907665423215,1.7423082775335366e-05,0.0004960907665423215,0.0030993788968771696
334,1,0.0004955479734978552,1.7248851947582012e-05,0.0004955479734978552,0.0030938240233808756
335,1,0.000494653836287422,1.7076363428106193e-05,0.000494653836287422,0.0030839419923722744
336,1,0.0004947557824519148,1.690559979382513e-05,0.0004947557824519148,0.0030858879908919334
337,1,0.0004932951608765452,1.6736543795886878e-05,0.0004932951608765452,0.0030900819692760706
338,1,0.0004927356488805332,1.656917835792801e-05,0.0004927356488805332,0.0030888293404132128
339,1,0.0004921827314915114,1.640348657434873e-05,0.0004921827314915114,0.003097805893048644
340,1,0.0004917312663323364,1.623945170860524e-05,0.0004917312663323364,0.0030945041216909885
341,1,0.0004911505693138158,1.607705719151919e-05,0.0004911505693138158,0.003084371564909816
342,1,0.0004905851647485784,1.5916286619603998e-05,0.0004905851647485784,0.003088753903284669
343,1,0.0004899502371136414,1.5757123753407958e-05,0.0004899502371136414,0.003094368614256382
344,1,0.0004896582752780027,1.5599552515873877e-05,0.0004896582752780027,0.0030875862576067448
345,1,0.0004886935630422976,1.5443556990715138e-05,0.0004886935630422976,0.003101464593783021
346,1,0.00048808379612135086,1.5289121420807987e-05,0.00048808379612135086,0.0030880302656441927
347,1,0.00048801535105977105,1.5136230206599907e-05,0.00048801535105977105,0.003090903628617525
348,1,0.0004870125647526325,1.4984867904533909e-05,0.0004870125647526325,0.0030850183684378862
349,1,0.0004863983405226649,1.483501922548857e-05,0.0004863983405226649,0.003093689912930131
350,1,0.0004860032932461383,1.4686669033233683e-05,0.0004860032932461383,0.003095804015174508
351,1,0.0004853778501567062,1.4539802342901346e-05,0.0004853778501567062,0.0030882202554494143
352,1,0.0004851410298715141,1.4394404319472332e-05,0.0004851410298715141,0.0030933129601180553
353,1,0.0004842851048334089,1.4250460276277608e-05,0.0004842851048334089,0.0030896849930286407
354,1,0.00048363646370497314,1.4107955673514832e-05,0.00048363646370497314,0.0030896621756255627
355,1,0.00048294400746428593,1.3966876116779685e-05,0.00048294400746428593,0.0030900619458407164
356,1,0.00048287824628162206,1.3827207355611888e-05,0.00048287824628162206,0.003091142512857914
357,1,0.0004823100034537319,1.3688935282055769e-05,0.0004823100034537319,0.0030895594973117113
358,1,0.0004817999401160388,1.3552045929235211e-05,0.0004817999401160388,0.003096073865890503
359,1,0.0004814709101620113,1.3416525469942859e-05,0.0004814709101620113,0.003084479598328471
360,1,0.0004809848703800827,1.328236021524343e-05,0.0004809848703800827,0.0030842216219753027
361,1,0.000480272283358589,1.3149536613090996e-05,0.000480272283358589,0.0030895108357071877
362,1,0.0004798905674093285,1.3018041246960086e-05,0.0004798905674093285,0.003088762518018484
363,1,0.0004794611851151008,1.2887860834490484e-05,0.0004794611851151008,0.003088472643867135
364,1,0.0004787545285286049,1.275898222614558e-05,0.0004787545285286049,0.0030898484401404858
365,1,0.00047816503544419566,1.2631392403884124e-05,0.00047816503544419566,0.0030911362264305353
366,1,0.00047810038119619014,1.2505078479845282e-05,0.00047810038119619014,0.0030925197061151266
367,1,0.00047751229187005154,1.238002769504683e-05,0.00047751229187005154,0.0030865955632179976
368,1,0.00047700490549689866,1.225622741809636e-05,0.00047700490549689866,0.003091551596298814
369,1,0.0004768478891371984,1.2133665143915397e-05,0.0004768478891371984,0.0030951760709285736
370,1,0.0004763853664539961,1.2012328492476243e-05,0.0004763853664539961,0.0030888980254530907
371,1,0.00047584179731049466,1.1892205207551481e-05,0.00047584179731049466,0.003087839810177684
372,1,0.0004753696410541261,1.1773283155475967e-05,0.0004753696410541261,0.0030841275583952665
373,1,0.00047497052782598573,1.1655550323921207e-05,0.00047497052782598573,0.0030871459748595953
374,1,0.0004743757396266814,1.1538994820681996e-05,0.0004743757396266814,0.0030927106272429228
375,1,0.000474090301602662,1.1423604872475175e-05,0.000474090301602662,0.0030851613264530897
376,1,0.000473560644556676,1.1309368823750424e-05,0.000473560644556676,0.0030943655874580145
377,1,0.00047348197869453057,1.119627513551292e-05,0.00047348197869453057,0.0030885967426002026
378,1,0.0004726902864447611,1.1084312384157791e-05,0.0004726902864447611,0.003089942503720522
379,1,0.00047228504106100515,1.0973469260316213e-05,0.00047228504106100515,0.0030901473946869373
380,1,0.0004720531864827496,1.086373456771305e-05,0.0004720531864827496,0.003088941564783454
381,1,0.0004717203532580738,1.075509722203592e-05,0.0004717203532580738,0.003090270096436143
382,1,0.0004712734660035929,1.064754624981556e-05,0.0004712734660035929,0.003093407955020666
383,1,0.0004711451106370343,1.0541070787317403e-05,0.0004711451106370343,0.00309544475749135
384,1,0.0004705885713094378,1.043566007944423e-05,0.0004705885713094378,0.0030925539322197437
385,1,0.0004699753073192524,1.0331303478649788e-05,0.0004699753073192524,0.003086256328970194
386,1,0.00046982461269597044,1.022799044386329e-05,0.00046982461269597044,0.0030996138229966164
387,1,0.0004693692246782371,1.0125710539424656e-05,0.0004693692246782371,0.0030910861678421497
388,1,0.0004692449930790452,1.0024453434030409e-05,0.0004692449930790452,0.0030908642802387476
389,1,0.00046881084875803847,9.924208899690105e-06,0.00046881084875803847,0.0030896086245775223
390,1,0.0004686185671777995,9.824966810693203e-06,0.0004686185671777995,0.0030894519295543432
391,1,0.00046767458461422705,9.726717142586271e-06,0.00046767458461422705,0.003086990211158991
392,1,0.0004676830313408388,9.629449971160408e-06,0.0004676830313408388,0.0030881070997565985
393,1,0.0004675246464572584,9.533155471448803e-06,0.0004675246464572584,0.0030897853430360556
394,1,0.00046657271935978057,9.437823916734315e-06,0.00046657271935978057,0.0030899711418896914
395,1,0.0004670244327646451,9.343445677566971e-06,0.0004670244327646451,0.0030874572694301605
396,1,0.00046623545844312706,9.250011220791302e-06,0.00046623545844312706,0.003089653328061104
397,1,0.00046584737333658704,9.15751110858339e-06,0.00046584737333658704,0.0030958643183112144
398,1,0.00046560395575703594,9.065935997497556e-06,0.00046560395575703594,0.0030941683799028397
399,1,0.0004653353099246922,8.97527663752258e-06,0.0004653353099246922,0.0030888088513165712
400,1,0.00046522039969733303,8.885523871147353e-06,0.00046522039969733303,0.0030904954764992
401,1,0.0004648072530295128,8.796668632435879e-06,0.0004648072530295128,0.003094844287261367
402,1,0.00046449361596917585,8.70870194611152e-06,0.00046449361596917585,0.003092071507126093
403,1,0.00046408663650473884,8.621614926650406e-06,0.00046408663650473884,0.0030947609338909388
404,1,0.00046376576515033474,8.535398777383902e-06,0.00046376576515033474,0.003089068690314889
405,1,0.00046352528142165026,8.450044789610064e-06,0.00046352528142165026,0.0030952012166380882
406,1,0.00046321261482802677,8.365544341713964e-06,0.00046321261482802677,0.003092048456892371
407,1,0.0004629477178284516,8.281888898296825e-06,0.0004629477178284516,0.003091868245974183
408,1,0.00046256726220848517,8.199070009313856e-06,0.00046256726220848517,0.003090223064646125
409,1,0.0004623343560852274,8.117079309220717e-06,0.0004623343560852274,0.003093206789344549
410,1,0.00046176102906356545,8.03590851612851e-06,0.00046176102906356545,0.0030902542639523745
411,1,0.000461788575825096,7.955549430967225e-06,0.000461788575825096,0.0030911671929061413
412,1,0.000461457307358207,7.875993936657554e-06,0.000461457307358207,0.0030954836402088404
413,1,0.0004613074022987974,7.797233997290979e-06,0.0004613074022987974,0.0030912768561393023
414,1,0.0004608715761141776,7.71926165731807e-06,0.0004608715761141776,0.003088482189923525
415,1,0.0004606074851572707,7.642069040744888e-06,0.0004606074851572707,0.003089131787419319
416,1,0.00046034352684254083,7.565648350337439e-06,0.00046034352684254083,0.0030929776839911938
417,1,0.000459935713286024,7.489991866834064e-06,0.000459935713286024,0.0030928547494113445
418,1,0.00045976842906881145,7.415091948165723e-06,0.00045976842906881145,0.0030930794309824705
419,1,0.00045961635598398354,7.340941028684066e-06,0.00045961635598398354,0.0030930563807487488
420,1,0.000459368342154714,7.267531618397225e-06,0.000459368342154714,0.0030874868389219046
421,1,0.0004589800577349907,7.194856302213253e-06,0.0004589800577349907,0.0030890479683876038
422,1,0.0004587875200709034,7.1229077391911205e-06,0.0004587875200709034,0.0030899071134626865
423,1,0.00045849991145540173,7.05167866179921e-06,0.00045849991145540173,0.003088786732405424
424,1,0.000458559035686355,6.981161875181218e-06,0.000458559035686355,0.003091605147346854
425,1,0.0004579447769591571,6.9113502564294055e-06,0.0004579447769591571,0.003090464975684881
426,1,0.0004576278371039483,6.842236753865111e-06,0.0004576278371039483,0.0030902172438800335
427,1,0.0004575700115719431,6.77381438632646e-06,0.0004575700115719431,0.003089398145675659
428,1,0.00045735148460715924,6.706076242463195e-06,0.00045735148460715924,0.003093030769377947
429,1,0.0004571979888125122,6.6390154800385626e-06,0.0004571979888125122,0.0030916822142899036
430,1,0.0004568665653646933,6.572625325238177e-06,0.0004568665653646933,0.0030916391406208277
431,1,0.0004564680437122643,6.506899071985796e-06,0.0004564680437122643,0.0030933930538594723
432,1,0.0004564629693348534,6.441830081265938e-06,0.0004564629693348534,0.0030903476290404797
433,1,0.0004561019353196055,6.377411780453279e-06,0.0004561019353196055,0.0030941723380237818
434,1,0.00045598522140124934,6.3136376626487455e-06,0.00045598522140124934,0.00309480051510036
435,1,0.0004557827819683256,6.250501286022258e-06,0.0004557827819683256,0.003087840275838971
436,1,0.00045550456527741783,6.187996273162035e-06,0.00045550456527741783,0.003094486892223358
437,1,0.00045531341244804614,6.1261163104304145e-06,0.00045531341244804614,0.003093154402449727
438,1,0.00045507945824163967,6.06485514732611e-06,0.00045507945824163967,0.0030911946669220924
439,1,0.00045492804923549275,6.004206595852849e-06,0.00045492804923549275,0.0031001814641058445
440,1,0.0004547954251329525,5.94416452989432e-06,0.0004547954251329525,0.0030958473216742277
441,1,0.0004544459480164336,5.884722884595377e-06,0.0004544459480164336,0.0030909280758351088
442,1,0.00045438521813863126,5.825875655749423e-06,0.00045438521813863126,0.0030935793183743954
443,1,0.00045395040408427174,5.767616899191929e-06,0.00045395040408427174,0.003089429810643196
444,1,0.0004539310011698298,5.70994073020001e-06,0.0004539310011698298,0.0030934319365769625
445,1,0.0004537151025450075,5.65284132289801e-06,0.0004537151025450075,0.0030932871159166098
446,1,0.00045344919632648814,5.59631290966903e-06,0.00045344919632648814,0.003092618426308036
447,1,0.00045332502886023205,5.54034978057234e-06,0.00045332502886023205,0.0030918652191758156
448,1,0.00045309502352760644,5.484946282766616e-06,0.00045309502352760644,0.003092389553785324
449,1,0.00045290999374665624,5.43009681993895e-06,0.00045290999374665624,0.0030900805722922087
450,1,0.00045264881435785003,5.37579585173956e-06,0.00045264881435785003,0.00309210573323071
451,1,0.0004525082163469709,5.322037893222165e-06,0.0004525082163469709,0.003094619372859597
452,1,0.00045223947788438506,5.268817514289944e-06,0.00045223947788438506,0.003091346938163042
453,1,0.0004521636585896084,5.216129339147044e-06,0.0004521636585896084,0.003092580707743764
454,1,0.0004519838456819315,5.163968045755573e-06,0.0004519838456819315,0.0030943923629820347
455,1,0.0004515572370975193,5.112328365298017e-06,0.0004515572370975193,0.0030940910801291466
456,1,0.0004515520779840121,5.061205081645037e-06,0.0004515520779840121,0.0030941676814109087
457,1,0.0004514118856911671,5.0105930308285865e-06,0.0004514118856911671,0.0030896752141416073
458,1,0.0004512326131312343,4.9604871005203006e-06,0.0004512326131312343,0.0030955893453210592
459,1,0.0004509610900507285,4.910882229515097e-06,0.0004509610900507285,0.003094875253736973
460,1,0.00045081304603151177,4.861773407219946e-06,0.00045081304603151177,0.0030932396184653044
461,1,0.0004507747235744218,4.813155673147747e-06,0.0004507747235744218,0.003094353247433901
462,1,0.0004505343472751699,4.765024116416269e-06,0.0004505343472751699,0.0030939856078475714
463,1,0.000450372582754767,4.717373875252107e-06,0.000450372582754767,0.0030917292460799217
464,1,0.0004501036319620555,4.670200136499585e-06,0.0004501036319620555,0.0030912926886230707
465,1,0.0004500499920908788,4.62349813513459e-06,0.0004500499920908788,0.0030916465912014246
466,1,0.0004498814047704194,4.577263153783244e-06,0.0004498814047704194,0.0030915499664843082
467,1,0.00044980144347522545,4.531490522245411e-06,0.00044980144347522545,0.0030939916614443064
468,1,0.00044964004660179915,4.486175617022957e-06,0.00044964004660179915,0.003092039842158556
469,1,0.0004493452865061114,4.441313860852727e-06,0.0004493452865061114,0.0030926987528800964
470,1,0.0004493241653272732,4.3969007222442e-06,0.0004493241653272732,0.0030913481023162603
471,1,0.00044908661664384153,4.352931715021758e-06,0.00044908661664384153,0.003092915518209338
472,1,0.00044900234075943645,4.30940239787154e-06,0.00044900234075943645,0.00309271109290421
473,1,0.00044880309384595396,4.266308373892824e-06,0.00044880309384595396,0.0030933774542063475
474,1,0.0004486542192338355,4.223645290153896e-06,0.0004486542192338355,0.003093609819188714
475,1,0.00044853420052374317,4.181408837252357e-06,0.00044853420052374317,0.0030934116803109646
476,1,0.00044837374846572214,4.139594748879833e-06,0.00044837374846572214,0.0030929429922252893
477,1,0.0004482206165109459,4.098198801391035e-06,0.0004482206165109459,0.003095784457400441
478,1,0.0004481296776969323,4.057216813377124e-06,0.0004481296776969323,0.0030945329926908016
479,1,0.00044802640119159033,4.016644645243353e-06,0.00044802640119159033,0.0030929793138056993
480,1,0.0004478735890057035,3.976478198790919e-06,0.0004478735890057035,0.0030930014327168465
481,1,0.00044764526322256786,3.93671341680301e-06,0.00044764526322256786,0.0030947455670684576
482,1,0.00044753839982641876,3.897346282634981e-06,0.00044753839982641876,0.003093180013820529
483,1,0.00044747623399790746,3.858372819808631e-06,0.00044747623399790746,0.003093987936154008
484,1,0.00044728918930624035,3.8197890916105445e-06,0.00044728918930624035,0.0030938819982111454
485,1,0.00044703404399342106,3.781591200694439e-06,0.00044703404399342106,0.0030952871311455965
486,1,0.00044698832901409683,3.7437752886874945e-06,0.00044698832901409683,0.0030935327522456646
487,1,0.0004468669808776073,3.7063375358006197e-06,0.0004468669808776073,0.003093595849350095
488,1,0.00044674260569080944,3.6692741604426133e-06,0.00044674260569080944,0.0030950428918004036
489,1,0.00044667809587954383,3.6325814188381873e-06,0.00044667809587954383,0.003091380000114441
490,1,0.0004464355813958642,3.5962556046498052e-06,0.0004464355813958642,0.003092742059379816
491,1,0.00044632615397931214,3.560293048603307e-06,0.00044632615397931214,0.00309452204965055
492,1,0.00044624934127254507,3.524690118117274e-06,0.00044624934127254507,0.0030940386932343245
493,1,0.00044605231938842457,3.4894432169361015e-06,0.00044605231938842457,0.0030952112283557653
494,1,0.00044606334330168,3.4545487847667406e-06,0.00044606334330168,0.003094986081123352
495,1,0.00044592791311959425,3.420003296919073e-06,0.00044592791311959425,0.003094124374911189
496,1,0.00044575945529671705,3.385803263949882e-06,0.00044575945529671705,0.0030941006261855364
497,1,0.0004456647983680528,3.3519452313103833e-06,0.0004456647983680528,0.003096497617661953
498,1,0.00044554862155953473,3.318425778997279e-06,0.00044554862155953473,0.003095010295510292
499,1,0.00044539091275448326,3.2852415212073063e-06,0.00044539091275448326,0.0030935038812458515
